nome_nota,data_ultima_modificacao,data_nota,tags,quantidade_palavras
",pop.md",2024-11-13 19:18:02,2024-11-13,[],103
Discretiza√ß√£o.md,2024-10-23 22:38:25,2024-10-23,[],23
EDA.md,2024-12-03 20:17:55,2024-12-03,[],153
Indu√ß√£o.md,2024-10-29 00:40:58,2024-10-29,[],127
o'clock.md,2024-11-22 19:12:45,2024-11-22,[],21
quantidade de palavras.md,2024-11-28 21:44:47,,[],592
Sem t√≠tulo.md,2024-11-22 18:12:19,,[],0
Tripleten.md,2024-10-29 22:06:49,2024-10-29,[],92
vxcvx.gif.md,2024-12-10 15:36:49,,[],0
A√ß√µes.md,2024-07-17 01:04:31,,[],0
Terrawwwwwww.md,2024-07-15 01:06:40,,[],0
Terrawwwwwwwwwww.md,2024-07-15 01:07:32,,[],0
Terrawwwwwwwwwwww2w22wwwwwww.md,2024-07-15 01:05:14,,[],0
Terrawwwwwwwwwwwww.md,2024-07-15 01:08:00,,[],0
Terrawwwwwwwwwwwwwww.md,2024-07-15 01:08:33,,[],0
Cheklist.md,2024-12-03 23:22:41,,[],298
Organiza√ß√£o da organiza√ß√£o.md,2024-10-18 17:26:56,,[],17
O voto n√£o √© o que voc√™ pensa..md,2024-09-19 18:52:16,,[],2732
300 palavras basicas.md,2024-12-06 23:40:21,,[],3738
Anki.md,2024-11-28 19:55:21,,[],33
DA.md,2024-11-19 19:52:27,2024-11-19,[],107
Eniglish.md,2024-11-26 17:51:32,,[],206
Gr√°fico.md,2024-11-15 21:16:00,2024-11-15,[],0
Python.md,2024-12-12 22:59:18,2024-11-15,[],115
pythonloco.md,2024-11-19 21:32:56,,[],4296
01.md,2024-12-08 23:57:27,2024-12-08,[],174
Alfabeto.md,2024-11-15 18:20:42,2024-04-28,[],285
Articles.md,2024-11-27 01:13:28,2024-11-27,[],2
Fon√©tica das palavras com ch.md,2024-11-17 22:38:59,2024-04-28,[],57
"in, on e at(para lugar).md",2024-11-22 18:08:06,2024-11-20,[],70
"in, on e at(para tempo).md",2024-11-22 19:21:47,2024-11-20,[],254
Noun.md,2024-11-27 01:12:12,,[],1
Object of the sentence.md,2024-11-26 18:43:35,2024-11-26,[],79
Phonetics.md,2024-11-27 01:13:29,,[],0
Posi√ß√µes.md,2024-12-18 00:40:09,2024-11-21,[],197
Pronome.md,2024-11-26 20:03:06,2024-11-26,[],165
Sem t√≠tulo.md,2024-11-26 18:29:06,,[],0
Verbs.md,2024-11-18 17:57:17,2024-11-18,[],193
Color.md,2024-12-01 23:38:35,2024-12-01,[],433
Days of the week.md,2024-12-01 23:44:45,2024-12-01,[],43
evening.md,2024-11-22 19:04:14,2024-11-22,[],41
Months and Seasons.md,2024-12-02 00:22:34,2024-12-01,[],156
noon.md,2024-11-22 18:15:52,2024-11-22,[],6
Numbers.md,2024-12-08 23:47:27,2024-12-03,[],263
N√£o sei.md,2024-12-29 00:35:28,2024-11-29,[],12
Conjunto dos inteiros.md,2023-09-29 23:31:25,,['#Matem√°tica #n√∫meros'],159
Conjunto dos Irracionais.md,2023-10-03 10:31:33,,['#Matem√°tica #n√∫meros'],88
Conjunto dos Racionais.md,2023-09-29 23:45:07,,['#Matem√°tica #n√∫meros'],179
Conjunto dos reais.md,2023-09-29 23:34:58,,['#Matem√°tica #n√∫meros'],159
Conjuntos dos naturais.md,2023-09-29 23:31:16,,['#Matem√°tica #n√∫meros'],127
Conjuntos num√©ricos.md,2024-04-21 22:40:53,,['#Matem√°tica #n√∫meros'],48
Sem t√≠tulo.md,2024-10-25 00:13:56,,[],54
Fundamentos da matem√°tica elementar V1.md,2024-11-09 17:58:22,,[],17
Nega√ß√£o(~).md,2024-10-25 00:53:34,2024-10-25,[],38
Proposi√ß√£o composta.md,2024-11-09 18:15:36,2024-11-09,[],45
Proposi√ß√£o.md,2024-10-25 00:44:52,2024-10-25,[],183
Vari√°veis.md,2024-11-11 21:14:26,2024-11-11,[],35
Algoritmos de memoriza√ß√£o.md,2024-08-17 19:36:45,2024-08-17,[],5
Breu.md,2024-04-24 19:28:59,2024-04-24,[],29
Como eu estudo.md,2024-08-22 22:47:54,2024-08-21,[],78
Hidro-semeadura.md,2024-04-20 22:27:36,,[],0
Leitura do Coruja.md,2024-04-30 00:44:42,2024-04-30,[],29
Major System.md,2024-08-17 19:57:31,2024-08-17,[],166
Pal√°cio da mem√≥ria.md,2024-08-17 19:50:54,2024-08-17,[],132
RGB.md,2024-04-09 11:22:35,2024-04-09,[],40
Plano inicial.md,2024-05-23 01:42:19,2024-05-23,[],40
Suplementos.md,2024-06-30 18:45:36,2024-06-24,[],106
Zonas.md,2024-06-24 00:57:01,2024-06-22,[],175
Perguntas Abertas.md,2023-11-03 11:38:07,,[],33
corrente.md,2024-04-25 01:01:47,2024-04-25,[],21
Current sink.md,2024-05-25 21:00:23,2024-05-25,[],14
Current source.md,2024-05-25 21:00:33,2024-05-25,[],14
Integra√ß√£o dos componentes.md,2024-04-19 23:40:16,,['#Eletr√¥nica'],57
Kirchhoff.md,2024-04-14 22:17:50,2024-04-14,[],22
lei de kirchhoff das tens√µes.md,2024-04-18 12:03:35,2024-04-14,[],24
lei de ohm.md,2024-04-14 21:41:23,2024-04-07,[],11
Metas.md,2024-05-29 23:44:56,,['#Eletr√¥nica #Planejamento'],82
ohms.md,2024-04-16 00:31:58,2024-04-16,[],26
Resistor de pull up.md,2024-05-27 21:27:00,2024-05-27,[],26
resistores de leds.md,2024-04-14 20:42:51,2024-04-08,[],237
Resist√™ncia.md,2024-04-18 12:09:30,2024-04-16,[],28
ten√ß√£o.md,2024-04-25 00:50:38,2024-04-16,[],87
TRI-STATE.md,2024-05-25 20:51:45,2024-05-25,[],53
"CRISTAL OSCILADOR EXTERNO, POLLING Curso de PIC 005.md",2024-06-09 00:05:33,2024-04-28,[],145
ENTRADAS DIGITAIS  Curso de PIC 004.md,2024-06-08 21:58:01,2024-04-28,[],182
"FUS√çVEIS, DATASHEET, SOFTWARE DE SIMULA√á√ÉO.md",2024-05-25 20:03:52,2024-04-28,[],373
GRAVANDO O PRIMEIRO PIC 12F675  Curso de PIC 003.md,2024-05-27 21:36:13,2024-04-28,[],229
INTRODU√á√ÉO PIC16F84A Curso de PIC.md,2024-05-25 20:59:58,2024-04-28,[],138
Bobina ou Indutor.md,2024-04-22 00:09:49,2024-04-17,[],140
Capacitor.md,2024-04-18 12:12:52,2024-04-17,[],115
Chaves com mem√≥ria.md,2024-05-03 22:12:01,2024-05-03,[],36
Chaves Moment√¢neas.md,2024-05-03 22:05:09,2024-05-03,[],28
Chaves.md,2024-05-03 22:11:04,2024-05-03,[],44
componente.md,2024-07-15 01:09:02,2024-04-16,[],58
diodo.md,2024-05-03 21:40:00,2024-04-27,[],180
EEPROM.md,2024-05-27 20:20:37,2024-05-25,[],31
LED.md,2024-04-14 21:38:41,2024-04-09,[],15
Mem√≥ria.md,2024-05-27 20:17:49,2024-05-27,[],39
Resistor.md,2024-05-08 00:19:33,2024-04-14,[],74
Sensores.md,2024-05-09 01:08:36,2024-05-08,[],109
Solda.md,2024-04-18 12:06:34,2024-04-16,[],96
Terra.md,2024-04-25 00:52:00,2024-04-25,[],48
Transistor.md,2024-05-03 23:43:12,2024-04-30,[],97
Comandos.md,2024-05-15 20:41:41,2024-05-15,[],23
Pick devices.md,2024-05-27 21:39:21,2024-05-15,[],35
Quais consigo fazer..md,2024-08-05 02:19:45,2024-08-04,[],25
Quais vou fazer.md,2024-08-27 20:34:35,2024-08-27,[],6
Metas.md,2024-05-07 21:10:47,2024-05-07,[],23
Papel alum√≠nio.md,2024-05-07 23:53:41,2024-05-07,[],63
PVC.md,2024-05-07 21:02:29,2024-05-07,[],43
Super cola.md,2024-05-07 21:07:49,2024-05-07,[],26
Coisas a fazer.md,2024-07-12 21:53:08,,[],23
Exercicios.md,2024-09-05 18:05:24,2024-08-17,[],276
Vida 1.md,2024-08-08 20:13:06,,[],0
Acentua√ß√£o.md,2024-09-21 23:16:08,,['#Portugu√™s #fonologia'],234
Adjetivo.md,2023-11-02 10:40:21,,['#Portugu√™s #Classes_de_palavras'],0
Artigo.md,2023-11-02 10:34:00,,['#Portugu√™s #Classes_de_palavras'],131
Classe de palavras.md,2023-10-25 19:02:03,,['#Portugu√™s #Morfologia'],34
Classifica√ß√£o das consoantes.md,2023-10-06 10:40:36,,['#Portugu√™s #fonologia'],32
Classifica√ß√£o das vogais.md,2023-09-28 23:15:23,,['#fonologia #Portugu√™s'],31
Composi√ß√£o.md,2023-10-17 10:31:09,,['#Portugu√™s #ortografia'],92
Diss√≠laba.md,2023-10-21 11:41:20,,['#Portugu√™s #fonologia'],16
Ditongo.md,2023-10-02 10:17:31,,['#Portugu√™s #fonologia'],96
dupla pros√≥dia.md,2023-10-01 20:02:34,,['#Portugu√™s #fonologia'],107
D√≠grafo.md,2023-09-28 10:21:00,,['#fonologia #Portugu√™s'],27
D√≠grafos consonantais.md,2023-09-28 10:29:25,,['#fonologia #Portugu√™s'],60
D√≠grafos voc√°licos.md,2023-09-28 10:20:54,,['#fonologia #Portugu√™s'],49
Emprego do E.md,2023-10-14 10:48:52,,['#Portugu√™s #ortografia'],102
Emprego do G.md,2023-10-14 10:29:02,,['#Portugu√™s #ortografia'],92
Emprego do H.md,2024-04-24 00:35:46,,['#Portugu√™s #ortografia'],240
Emprego do H√≠fen.md,2023-10-17 10:07:02,,['#Portugu√™s #ortografia'],0
Emprego do I.md,2023-10-14 11:16:16,,['#Portugu√™s #ortografia'],107
Emprego do J.md,2023-10-13 10:51:42,,['#Portugu√™s #ortografia'],103
Emprego do S.md,2024-04-24 00:35:46,,['#Portugu√™s #ortografia'],305
Emprego do SC.md,2024-04-24 00:35:46,,['#Portugu√™s #ortografia'],176
Emprego do SS.md,2023-10-12 11:20:41,,['#Portugu√™s #ortografia'],158
Emprego do X ou CH.md,2023-10-16 20:36:45,,['#Portugu√™s #ortografia'],194
Emprego do XC.md,2023-10-17 09:46:12,,[],68
Emprego do Z.md,2023-10-12 11:10:33,,['#Portugu√™s #ortografia'],227
Emprego do √á.md,2023-10-12 11:31:07,,[],133
Encontros consonantais.md,2023-10-06 11:06:56,,['#fonologia #Portugu√™s'],183
Encontros voc√°licos.md,2023-10-02 10:29:11,,['#Portugu√™s #fonologia'],21
Fonemas consonantais.md,2023-09-28 10:42:40,,['#Portugu√™s #fonologia'],73
Fonemas voc√°licos.md,2023-09-28 10:35:47,,['#Portugu√™s #fonologia'],43
fonemas.md,2023-09-28 10:49:01,,['#fonologia #Portugu√™s'],40
Fonologia.md,2023-09-28 10:20:51,,['#fonologia #Portugu√™s'],7
Formas variante.md,2023-10-17 09:48:28,,['#Portugu√™s #ortografia'],87
Forma√ß√£o de palavras.md,2024-05-05 00:17:41,,['#Portugu√™s'],112
Hiato.md,2023-10-06 23:27:43,,['#Portugu√™s #fonologia'],20
Hom√¥nimos.md,2023-10-17 09:57:26,,['#Portugu√™s #ortografia'],239
Interpreta√ß√£o x Compreender.md,2023-10-25 19:18:25,,['#Portugu√™s'],202
Monoss√≠laba.md,2023-10-01 22:46:51,,['#Portugu√™s #fonologia'],23
Nasal.md,2023-10-02 10:01:00,,['#Portugu√™s #fonologia'],46
Oral.md,2023-10-02 09:59:47,,['#Portugu√™s #fonologia'],25
Ortografia.md,2023-10-17 10:02:09,,['#Portugu√™s #ortografia'],338
Orto√©pia.md,2024-12-04 21:40:07,,['#Portugu√™s #fonologia'],44
Ox√≠tonas.md,2023-09-30 10:54:54,,['#Portugu√™s #fonologia'],20
Palavras de uma mesma fam√≠lia.md,2023-10-14 11:18:11,,['#Portugu√™s #ortografia'],67
Palavras derivadas.md,2023-10-14 10:03:32,,[],0
Parox√≠tonas.md,2023-09-30 10:48:05,,['#Portugu√™s #fonologia'],19
Par√¥nimos.md,2023-10-17 09:55:27,,['#Portugu√™s #ortografia'],287
Poliss√≠laba.md,2023-09-28 23:45:04,,['#Portugu√™s #fonologia'],25
prefixo.md,2023-10-14 10:48:55,,[],0
Primeira leitura.md,2023-10-25 17:45:00,,['#Portugu√™s'],14
Proparox√≠tonas.md,2023-09-30 10:48:17,,['#Portugu√™s #fonologia'],21
Pros√≥dia.md,2023-10-01 20:11:54,,['#Portugu√™s #fonologia'],175
Quanto ao papel.md,2023-09-28 23:18:20,,['#Portugu√™s #fonologia'],59
Quanto ao timbre.md,2023-09-28 23:14:45,,['#Portugu√™s #fonologia'],51
Quanto √† intensidade.md,2023-09-28 23:21:16,,['#Portugu√™s #fonologia'],30
Quanto √† zona de articula√ß√£o.md,2023-09-28 23:11:30,,['#Portugu√™s #fonologia'],51
Segunda leitura.md,2023-10-25 17:52:44,,[],20
Semivogal.md,2023-10-02 09:56:41,,['#Portugu√™s #fonologia'],37
silabada.md,2023-10-01 19:47:27,,['#Portugu√™s #fonologia'],15
Substantivo.md,2023-11-02 10:17:51,,['#Portugu√™s #Classes_de_palavras'],84
S√≠laba t√¥nica.md,2023-10-07 10:08:35,,['#Portugu√™s #fonologia'],114
S√≠laba.md,2023-09-30 10:19:18,,['#Portugu√™s #fonologia'],79
Translinea√ß√£o.md,2023-10-06 10:47:09,,['#Portugu√™s #fonologia'],575
Triss√≠laba.md,2023-09-28 23:44:14,,['#Portugu√™s #fonologia'],18
Tritongo.md,2023-10-02 10:28:10,,['#Portugu√™s #fonologia'],81
T√¥nicos.md,2023-10-01 22:53:04,,['#Portugu√™s #fonologia'],21
√Åtonos.md,2023-10-01 22:50:47,,['#Portugu√™s #fonologia'],22
Freela.md,2024-12-02 21:00:47,2024-12-02,[],4
minera√ß√£o de dado.md,2024-10-01 19:09:14,2024-10-01,[],50
Sites.md,2024-08-24 00:29:46,2024-08-24,[],4
Geral.md,2024-08-31 01:17:01,2024-08-05,[],81
An√°lise inicial do DF.md,2024-12-21 19:43:52,2024-12-21,[],30
churn.md,2024-11-11 21:35:40,2024-11-11,[],37
Coeficiente de correla√ß√£o linear.md,2024-12-18 00:36:32,2024-12-18,[],252
Engenharia de caracter√≠sticas.md,2024-12-28 15:51:57,2024-12-27,[],31
Import√¢ncia do grafico.md,2024-12-05 18:58:41,2024-12-05,[],35
Outliers.md,2024-12-21 19:36:55,2024-12-21,[],21
Rotatividade.md,2024-11-11 21:23:20,2024-11-11,[],22
Sem t√≠tulo.md,2024-11-11 21:17:58,,[],0
Avaliar f√≥rmula.md,2024-09-12 00:17:13,2024-09-06,[],13
DADADIF.md,2024-08-25 23:37:47,2024-08-25,[],90
F4.md,2024-11-04 16:43:18,2024-11-04,[],58
Fun√ß√£o TEXTO.md,2024-09-12 00:16:39,2024-09-06,[],155
Fun√ß√£o.excel.md,2024-09-12 00:13:49,2024-08-25,[],333
hlookup.md,2024-08-25 23:36:37,,[],0
SE.md,2024-09-07 21:02:06,2024-08-25,[],57
SEERRO.md,2024-09-12 00:22:57,2024-09-06,[],54
Tabelas din√¢micas.md,2024-09-12 00:17:09,2024-09-07,[],8
Vari√°veis no excel.md,2024-09-12 00:17:05,2024-09-06,[],24
vlookup.md,2024-08-25 23:36:28,,[],0
Acercamento.md,2024-09-12 16:09:15,2024-09-12,[],37
Barras horizontais empilhadas.md,2024-09-12 00:18:21,2024-09-11,[],13
Barras horizontais.md,2024-09-12 00:18:14,2024-09-11,[],17
Barras verticais empilhadas.md,2024-09-12 00:18:03,2024-09-10,[],54
Barras verticais.md,2024-09-12 00:17:57,2024-09-10,[],20
Barras.md,2024-09-12 00:17:49,2024-09-10,[],222
Causa e efeito.md,2024-12-17 20:38:20,2024-12-17,[],86
Conex√£o.md,2024-09-12 16:16:50,2024-09-12,[],54
Continuidade.md,2024-09-12 16:14:45,2024-09-12,[],49
Elementos de um Bom Gr√°fico.md,2024-12-17 20:38:10,2024-12-17,[],100
Exemplo de gr√°ficos.md,2024-09-21 19:30:02,2024-09-13,[],302
Fechamento.md,2024-09-12 16:13:07,2024-09-12,[],56
Gr√°fico de cascata.md,2024-09-12 00:18:08,2024-09-10,[],28
Gr√°fico de dispers√£o.md,2024-09-07 17:49:50,2024-09-07,[],67
Gr√°fico de inclina√ßao.md,2024-09-29 19:19:52,2024-09-29,[],12
Gr√°fico de inclina√ß√£o.md,2024-09-12 00:16:12,2024-09-10,[],100
Gr√°fico de linhas.md,2024-09-12 00:16:06,2024-09-10,[],24
Gr√°fico de √Årea.md,2024-09-11 18:18:18,2024-09-11,[],31
Gr√°ficos de dispers√£o.md,2024-12-18 19:34:52,2024-12-18,[],107
Gr√°ficos ruins.md,2024-12-17 21:00:36,2024-12-17,[],35
Histograma.md,2024-12-20 19:28:58,2024-12-18,[],87
Linhas.md,2024-09-12 00:16:03,2024-09-07,[],8
Mapa de calor.md,2024-09-07 17:42:25,2024-09-07,[],36
Matrizes de dispers√£o.md,2024-12-18 23:37:14,2024-12-18,[],146
Pontos.md,2024-09-12 00:15:58,2024-09-07,[],6
Princ√≠pios da Gestalt.md,2024-09-12 17:53:47,2024-09-12,[],39
Proximidade.md,2024-09-12 16:06:07,2024-09-12,[],49
Similaridade.md,2024-09-12 16:07:30,2024-09-12,[],31
Sites.md,2024-09-30 15:31:31,2024-09-29,[],52
Tabela.md,2024-09-12 00:23:19,2024-09-07,[],61
Texto simples.md,2024-09-07 17:17:35,2024-09-07,[],56
Uso de anima√ß√£o nos visuais apresentados.md,2024-09-26 16:29:10,2024-09-26,[],29
Exemplo de postes.md,2024-12-06 20:46:00,2024-12-06,[],276
linkedin.md,2024-09-04 01:10:30,2024-08-31,[],53
Network.md,2024-09-21 23:33:01,2024-09-21,[],212
perguntas.md,2024-10-16 00:05:31,,[],224
Sem t√≠tulo.md,2024-10-16 00:49:25,,[],466
Torne-se parceiro do contato.md,2024-09-18 22:55:13,2024-09-18,[],60
Big Data 2.0.md,2024-10-02 16:07:41,2024-10-02,[],46
Big Data vx minera√ß√£o de dados.md,2024-10-02 15:42:47,2024-10-02,[],44
correla√ß√µes.md,2024-10-04 17:58:33,,[],1544
M√©todos Supervisionados vx N√£o Supervisionados.md,2024-10-07 17:49:42,2024-10-07,[],127
Porque n√£o √© manual mas.md,2024-10-05 20:48:20,2024-10-05,[],105
Publico.md,2024-10-05 20:38:38,2024-10-05,[],20
Storytelling.md,2024-09-25 18:30:35,2024-09-24,[],365
T√°ticas.md,2024-09-25 19:00:43,2024-09-25,[],162
Web 1.0 vx Web 2.0.md,2024-10-02 16:04:32,2024-10-02,[],67
Gloss√°rio (data science para negocios).md,2024-10-29 00:25:31,2024-10-28,[],353
Palavras.md,2024-10-22 01:58:35,2024-10-22,[],427
Perceptron e Aprendizado Supervisionado.md,2024-10-08 23:56:05,2024-10-08,[],662
Problemas b√°sicos.md,2024-10-04 00:08:26,2024-10-04,[],485
Problemas de Morfologia.md,2024-10-04 00:46:14,2024-10-04,[],1097
REsumo.md,2024-10-01 22:51:35,2024-10-01,[],378
Abstra√ß√£o.md,2024-08-10 23:20:49,2024-08-10,[],69
Atributos.md,2024-11-14 22:01:16,2024-08-10,[],53
Classes.md,2024-08-10 22:25:59,2024-08-10,[],99
Construtor.md,2024-10-13 00:26:12,2024-08-12,[],124
Inst√¢ncia.md,2024-08-10 21:17:09,2024-08-10,[],59
M√©todos.md,2024-08-16 00:18:33,2024-08-15,[],14
Objetos.md,2024-08-10 21:19:04,2024-08-10,[],11
Private.md,2024-08-13 23:40:57,2024-08-13,[],58
Programa√ß√£o Orientada a Objetos (POO).md,2024-08-16 00:26:05,2024-08-10,[],303
An√°lise de E-commerce.md,2024-10-27 20:40:54,,[],469
Atributo.md,2024-11-15 21:24:12,2024-11-14,[],26
Composi√ß√£o p.md,2024-08-13 22:50:23,2024-08-13,[],125
Instru√ß√£o.md,2024-11-13 19:24:46,2024-11-13,[],46
M√©todo.md,2024-11-13 19:25:11,2024-11-13,[],97
Objetos s√£o acessado por endere√ßos.md,2024-08-12 20:55:24,2024-08-12,[],143
Aula (10).md,2024-08-07 14:49:38,2024-08-06,[],102
Aula (100).md,2024-08-08 19:29:39,2024-08-06,[],270
Aula (101).md,2024-08-08 19:30:57,2024-08-06,[],207
Aula (102).md,2024-08-08 19:33:00,2024-08-06,[],203
Aula (103).md,2024-08-08 19:34:32,2024-08-06,[],186
Aula (104).md,2024-08-08 19:36:43,2024-08-06,[],174
Aula (105).md,2024-08-08 19:38:40,2024-08-06,[],287
Aula (106).md,2024-08-08 19:51:51,2024-08-06,[],228
Aula (11).md,2024-08-07 14:51:26,2024-08-06,[],41
Aula (12).md,2024-08-07 14:55:45,2024-08-06,[],76
Aula (13).md,2024-08-07 14:57:31,2024-08-06,[],63
Aula (14).md,2024-08-07 14:58:54,2024-08-06,[],56
Aula (15).md,2024-08-07 15:00:30,2024-08-06,[],178
Aula (16).md,2024-08-07 15:02:19,2024-08-06,[],103
Aula (17).md,2024-08-07 15:14:36,2024-08-06,[],87
Aula (18).md,2024-08-07 15:17:58,2024-08-06,[],127
Aula (19).md,2024-08-07 15:19:16,2024-08-06,[],123
Aula (20).md,2024-08-07 15:21:02,2024-08-06,[],114
Aula (21).md,2024-08-07 15:22:12,2024-08-06,[],167
Aula (22).md,2024-08-07 15:25:07,2024-08-06,[],158
Aula (23).md,2024-08-07 15:26:30,2024-08-06,[],120
Aula (24).md,2024-08-07 15:28:21,2024-08-06,[],94
Aula (25).md,2024-08-07 15:29:37,2024-08-06,[],200
Aula (26).md,2024-08-07 16:51:15,2024-08-06,[],190
Aula (27).md,2024-08-07 16:49:44,2024-08-06,[],187
Aula (28).md,2024-08-06 16:35:42,2024-08-06,[],2
Aula (29).md,2024-08-07 16:54:04,2024-08-06,[],198
Aula (30).md,2024-09-12 00:20:01,2024-08-06,[],103
Aula (31).md,2024-08-07 16:56:47,2024-08-06,[],148
Aula (32).md,2024-08-07 16:57:44,2024-08-06,[],171
Aula (33).md,2024-08-07 16:58:59,2024-08-06,[],233
Aula (34).md,2024-08-07 17:01:03,2024-08-06,[],195
Aula (35).md,2024-08-07 17:01:49,2024-08-06,[],166
Aula (36).md,2024-08-07 17:17:09,2024-08-06,[],301
Aula (37).md,2024-08-07 17:19:25,2024-08-06,[],283
Aula (38).md,2024-08-07 17:20:53,2024-08-06,[],172
Aula (39).md,2024-08-07 17:23:35,2024-08-06,[],147
Aula (40).md,2024-08-07 17:25:48,2024-08-06,[],225
Aula (41).md,2024-08-07 17:26:47,2024-08-06,[],118
Aula (42).md,2024-08-06 16:35:42,2024-08-06,[],2
Aula (43).md,2024-08-07 17:28:18,2024-08-06,[],208
Aula (44).md,2024-08-07 17:29:37,2024-08-06,[],251
Aula (45).md,2024-08-07 17:31:24,2024-08-06,[],224
Aula (46).md,2024-08-07 17:32:51,2024-08-06,[],138
Aula (47).md,2024-08-07 17:34:00,2024-08-06,[],151
Aula (48).md,2024-08-07 17:35:31,2024-08-06,[],176
Aula (49).md,2024-08-07 17:56:22,2024-08-06,[],134
Aula (5).md,2024-08-06 18:16:34,2024-08-06,[],165
Aula (50).md,2024-08-07 17:57:51,2024-08-06,[],133
Aula (51).md,2024-08-07 17:59:54,2024-08-06,[],186
Aula (52).md,2024-08-07 18:01:17,2024-08-06,[],152
Aula (53).md,2024-08-07 18:11:05,2024-08-06,[],105
Aula (54).md,2024-08-07 18:12:19,2024-08-06,[],236
Aula (55).md,2024-08-07 18:13:13,2024-08-06,[],200
Aula (56).md,2024-08-07 18:14:38,2024-08-06,[],398
Aula (57).md,2024-08-07 18:27:55,2024-08-06,[],71
Aula (58).md,2024-08-07 18:29:14,2024-08-06,[],312
Aula (59).md,2024-08-07 18:31:42,2024-08-06,[],477
Aula (6).md,2024-08-07 14:39:55,2024-08-06,[],154
Aula (60).md,2024-08-07 18:33:16,2024-08-06,[],208
Aula (61).md,2024-08-07 18:34:38,2024-08-06,[],146
Aula (62).md,2024-08-07 18:35:56,2024-08-06,[],255
Aula (63).md,2024-08-07 18:37:58,2024-08-06,[],375
Aula (64).md,2024-08-07 18:39:46,2024-08-06,[],164
Aula (65).md,2024-08-07 18:41:26,2024-08-06,[],375
Aula (66).md,2024-08-07 18:43:36,2024-08-06,[],149
Aula (67).md,2024-08-07 18:45:02,2024-08-06,[],255
Aula (68).md,2024-08-07 18:47:15,2024-08-06,[],328
Aula (69).md,2024-08-07 19:28:36,2024-08-06,[],391
Aula (7).md,2024-08-07 14:42:47,2024-08-06,[],110
Aula (70).md,2024-08-08 18:16:35,2024-08-06,[],322
Aula (71).md,2024-08-08 18:17:41,2024-08-06,[],248
Aula (72).md,2024-08-08 18:19:33,2024-08-06,[],230
Aula (73).md,2024-08-08 18:21:23,2024-08-06,[],220
Aula (74).md,2024-08-08 18:22:15,2024-08-06,[],156
Aula (75).md,2024-08-08 18:23:22,2024-08-06,[],221
Aula (76).md,2024-08-08 18:29:12,2024-08-06,[],237
Aula (77).md,2024-08-08 18:32:36,2024-08-06,[],219
Aula (78).md,2024-08-08 18:26:32,2024-08-06,[],335
Aula (79).md,2024-08-08 18:33:37,2024-08-06,[],395
Aula (8).md,2024-08-07 14:43:56,2024-08-06,[],254
Aula (80).md,2024-08-08 18:41:16,2024-08-06,[],295
Aula (81).md,2024-08-08 18:42:40,2024-08-06,[],208
Aula (82).md,2024-08-08 18:45:06,2024-08-06,[],254
Aula (83).md,2024-08-08 18:46:42,2024-08-06,[],147
Aula (84).md,2024-08-08 18:48:28,2024-08-06,[],401
Aula (85).md,2024-08-08 18:50:41,2024-08-06,[],213
Aula (86).md,2024-08-08 18:52:00,2024-08-06,[],247
Aula (87).md,2024-08-08 18:53:32,2024-08-06,[],418
Aula (88).md,2024-08-08 18:56:37,2024-08-06,[],478
Aula (89).md,2024-08-08 18:57:42,2024-08-06,[],349
Aula (9).md,2024-08-07 14:45:05,2024-08-06,[],90
Aula (90).md,2024-08-08 18:59:31,2024-08-06,[],154
Aula (91).md,2024-08-08 19:17:32,2024-08-06,[],288
Aula (92).md,2024-08-08 19:18:51,2024-08-06,[],193
Aula (93).md,2024-08-08 19:20:03,2024-08-06,[],413
Aula (94).md,2024-08-08 19:20:54,2024-08-06,[],340
Aula (95).md,2024-08-08 19:22:01,2024-08-06,[],471
Aula (96).md,2024-08-08 19:23:07,2024-08-06,[],148
Aula (97).md,2024-08-08 19:24:37,2024-08-06,[],94
Aula (98).md,2024-08-08 19:26:25,2024-08-06,[],377
Aula (99).md,2024-08-08 19:28:43,2024-08-06,[],292
Python Code for Finding the Successor of an Integer.md,2024-08-09 23:08:40,2024-08-06,[],165
",get.md",2024-11-13 19:18:19,2024-11-13,[],89
@atributo.setters e getters.md,2024-08-16 00:37:09,2024-08-15,[],143
@property.md,2024-08-15 23:33:54,2024-08-15,[],117
Argumento.md,2024-11-16 00:02:07,2024-11-15,[],14
Decorador.md,2024-08-16 00:27:58,2024-08-15,[],9
Fun√ß√£o.md,2024-11-15 23:52:02,2024-11-14,[],10
Par√¢metro.md,2024-11-16 00:03:55,2024-11-15,[],42
pptint().md,2024-08-26 01:20:22,2024-08-26,[],36
Private em python.md,2024-08-13 23:42:51,2024-08-13,[],141
__dict__.md,2024-08-13 23:30:27,2024-08-13,[],96
to int.md,2024-12-26 20:42:49,2024-12-26,[],50
",'hist'.md",2024-12-20 19:56:59,2024-12-20,[],64
",bar.md",2024-12-29 23:11:10,2024-12-29,[],112
",legend.md",2024-12-18 21:58:37,2024-12-18,[],38
",plot.md",2024-12-17 22:55:08,2024-12-14,[],92
",scatter_matrix.md",2024-12-20 20:57:34,2024-12-20,[],88
",show.md",2024-12-14 22:27:08,2024-12-14,[],12
",title=.md",2024-12-17 22:20:17,2024-12-14,[],19
",xlabel= or ,ylabel=.md",2024-12-17 22:51:42,2024-12-14,[],33
",xlim= e ,ylim=.md",2024-12-17 22:53:03,2024-12-14,[],56
alpha=.md,2024-12-17 23:32:40,2024-12-17,[],25
bind=.md,2024-12-20 19:33:10,2024-12-20,[],1
figsize=.md,2024-12-17 22:59:43,2024-12-14,[],59
grid=.md,2024-12-14 21:52:04,2024-12-14,[],10
kind=.md,2024-12-17 23:35:50,2024-12-17,[],139
legend=.md,2024-12-17 23:02:38,2024-12-14,[],73
Marcador.md,2024-12-18 19:29:32,2024-12-14,[],544
rot=.md,2024-12-18 21:30:04,2024-12-18,[],31
savefig().md,2024-12-14 22:26:31,2024-12-14,[],4
x= e y=.md,2024-12-17 22:47:21,2024-12-14,[],46
array.shape.md,2024-08-19 20:08:18,2024-08-19,[],38
",array_equal.md",2024-12-21 20:57:04,2024-12-21,[],63
Comandos.md,2024-08-21 22:08:19,2024-08-19,[],231
01.md,2024-12-09 00:25:52,2024-12-08,[],401
Agrupamento.md,2024-11-24 19:36:54,2024-11-24,[],6
DataFrame X Series.md,2024-12-10 20:50:36,2024-12-10,[],29
DataFrame.md,2024-11-20 18:02:36,2024-08-21,[],282
Duplicatas.md,2024-11-24 16:38:21,2024-11-24,[],78
Filtragem condicional.md,2024-11-22 22:34:54,2024-11-22,[],56
Indexa√ß√£o Booleana.md,2024-11-22 22:34:06,2024-11-18,[],97
M√°scara booleana.md,2024-11-22 23:43:54,2024-11-22,[],259
NaN.md,2024-12-21 19:34:06,2024-12-21,[],14
Ordenar.md,2024-11-24 19:39:43,2024-11-24,[],43
Pr√©-processamento de dados.md,2024-11-24 16:34:46,2024-11-20,[],71
Split Apply Combine.md,2024-12-28 19:53:45,2024-12-28,[],14
types.md,2024-11-14 22:24:11,2024-11-14,[],90
Valores ausentes.md,2024-12-06 17:06:19,2024-11-20,[],64
Window functions.md,2024-12-26 21:17:01,,[],0
",agg.md",2024-12-28 20:37:09,2024-12-28,[],89
",apply.md",2024-12-28 16:07:52,2024-12-27,[],135
",astype.md",2024-12-22 00:10:04,2024-12-21,[],65
",columns.md",2024-12-28 22:59:59,2024-12-28,[],46
",concat.md",2024-12-28 23:23:37,2024-12-28,[],75
",corr.md",2024-12-18 20:05:39,2024-12-18,[],64
",describe.md",2024-12-05 19:16:43,2024-12-05,[],75
",drop.md",2024-12-29 19:47:45,2024-12-29,[],112
",dropna.md",2024-11-22 00:49:17,2024-11-21,[],80
",drop_duplicates.md",2024-11-25 17:24:09,2024-11-24,[],47
",dt.md",2024-12-27 18:37:26,2024-12-27,[],108
",dtypes.md",2024-12-22 00:09:57,2024-12-21,[],45
",duplicated.md",2024-12-06 17:09:20,2024-11-22,[],40
",fillna.md",2024-12-14 20:08:53,2024-11-20,[],27
",groupby.md",2024-11-24 17:11:40,2024-11-24,[],58
",head.md",2024-11-22 20:07:01,2024-11-22,[],10
",iloc.md",2024-12-13 20:23:39,2024-12-13,[],179
",index.md",2024-12-22 00:02:34,2024-12-12,[],68
",info.md",2024-11-21 23:41:46,2024-11-14,[],83
",isin.md",2024-12-13 23:13:58,2024-12-13,[],61
",isna ou isnull.md",2024-11-21 23:41:46,2024-11-20,[],74
",loc.md",2024-11-18 00:24:05,2024-11-14,[],268
",merge.md",2024-12-29 00:16:58,2024-12-28,[],81
",nan.md",2024-12-27 21:09:19,,[],0
",nunique.md",2024-11-23 00:23:30,2024-11-23,[],36
",pivot_table.md",2024-12-28 20:46:23,2024-12-28,[],136
",query.md",2024-12-13 23:19:36,2024-12-13,[],50
",read_csv.md",2024-12-05 23:04:53,2024-11-29,[],112
",read_excel.md",2024-11-29 20:54:40,2024-11-29,[],31
",rename.md",2024-11-25 16:06:21,2024-11-25,[],63
",reset_index.md",2024-11-24 16:44:48,2024-11-24,[],60
",sample.md",2024-11-30 00:48:46,2024-11-30,[],28
",Series.md",2024-12-12 23:55:40,2024-12-12,[],25
",set_index.md",2024-12-13 21:19:14,2024-12-13,[],1
",shape.md",2024-11-14 23:56:09,2024-11-14,[],9
",sort_index.md",2024-12-05 19:56:37,2024-12-05,[],42
",sort_values.md",2024-11-24 17:59:21,2024-11-24,[],70
",tail.md",2024-11-29 21:53:03,2024-11-29,[],21
",to_datetime.md",2024-12-27 16:46:02,2024-12-26,[],265
",to_numeric.md",2024-12-22 00:10:00,2024-12-21,[],62
",tz_convert() e ,tz_localize().md",2024-12-27 18:07:21,2024-12-27,[],207
",unique.md",2024-12-13 23:09:24,2024-11-23,[],27
",value_count or nunique or duplicates.md",2024-12-14 20:42:15,,[],0
",value_counts.md",2024-12-22 00:09:53,2024-12-22,[],35
",where.md",2024-12-14 18:30:06,2024-12-14,[],60
axis=.md,2024-11-22 00:48:26,2024-11-22,[],378
Comandos.md,2024-11-20 18:04:05,2024-08-21,[],1181
filtragem simples.md,2024-12-14 20:22:27,2024-12-14,[],29
index=.md,2024-12-13 00:05:52,2024-12-13,[],69
inplace=.md,2024-11-22 00:38:47,2024-11-21,[],294
Normalizar nomes de colunas.md,2024-11-20 20:16:35,2024-11-20,[],30
Sem t√≠tulo.md,2024-12-27 21:10:33,,[],0
subset=.md,2024-11-22 00:55:42,2024-11-22,[],82
~.md,2024-12-05 20:32:21,2024-12-05,[],19
An√°lise de dados.md,2024-09-12 00:14:43,2024-09-04,[],88
An√°lise descritiva ou explorat√≥ria.md,2024-09-12 00:15:37,2024-09-04,[],87
An√°lise diagn√≥stica.md,2024-09-12 00:15:48,2024-09-04,[],26
An√°lise Estat√≠stica.md,2024-09-04 21:48:45,2024-08-25,[],40
An√°lise Explanat√≥ria.md,2024-11-29 19:41:47,2024-09-05,[],50
An√°lise preditiva.md,2024-10-28 23:50:41,2024-09-04,[],114
An√°lise prescritiva.md,2024-09-12 00:14:48,2024-09-04,[],23
Aprendizado de m√°quina.md,2024-08-25 20:56:05,2024-08-25,[],30
Coleta de dados.md,2024-08-25 19:37:40,2024-08-25,[],25
Conceitos-chave de dados.md,2024-10-28 23:50:41,2024-08-25,[],17
Estat√≠stica Descritiva.md,2024-09-03 23:31:31,2024-09-03,[],73
Excel.md,2024-09-05 21:21:51,2024-08-25,[],54
Explora√ß√£o.md,2024-08-25 19:39:33,2024-08-25,[],35
Indrodu√ß√£o.md,2024-09-12 00:24:02,2024-08-25,[],72
Insights.md,2024-09-12 00:14:45,2024-09-04,[],39
Limpeza de dados.md,2024-08-25 19:38:33,2024-08-25,[],28
Mediana.md,2024-09-12 00:19:18,2024-09-03,[],6
Medidas de Tend√™ncia Central.md,2024-09-12 00:17:26,2024-09-03,[],50
Medidas.md,2024-09-12 00:21:40,2024-09-03,[],12
Moda.md,2024-09-12 00:16:32,2024-09-03,[],170
M√©dia.md,2024-09-12 00:18:31,2024-09-03,[],29
Padr√µes & Tend√™ncias & Rela√ß√µes.md,2024-09-12 00:21:55,2024-09-04,[],50
Sem t√≠tulo.md,2024-08-28 23:01:55,,[],240
Tipos de vari√°veis.md,2024-09-03 22:21:55,2024-09-03,[],33
Vari√°veis discretas.md,2024-09-12 00:19:40,2024-09-03,[],17
Vari√°veis ‚Äã‚ÄãCont√≠nuas.md,2024-09-12 00:24:09,2024-09-03,[],14
Vari√°veis ‚Äã‚ÄãNominais.md,2024-09-03 22:23:21,2024-09-03,[],14
Vari√°veis ‚Äã‚ÄãOrdinais.md,2024-09-03 22:23:37,2024-09-03,[],19
Vari√°veis ‚Äã‚ÄãQualitativas (ou Categ√≥ricas).md,2024-09-03 22:21:47,2024-09-03,[],5
Vari√°veis ‚Äã‚ÄãQuantitativas.md,2024-09-12 00:19:34,2024-09-03,[],6
Visualiza√ß√£o de dados.md,2024-08-25 19:53:00,2024-08-25,[],37
Comandos.md,2024-08-22 20:29:47,2024-08-22,[],533
'backticks'.md,2024-10-09 23:56:50,2024-10-09,[],51
Campos.md,2024-09-16 00:40:14,2024-09-16,[],20
Dados caracteres e strings.md,2024-09-13 20:35:08,2024-09-12,[],15
Dados Diversos.md,2024-09-12 00:19:26,2024-09-11,[],41
Dados sequ√™ncia de Unicode.md,2024-09-23 21:08:58,2024-09-11,[],66
"Diferen√ßas DML,DDL e DCL.md",2024-09-12 17:56:04,2024-09-11,[],38
Different Types.md,2024-09-21 21:25:42,2024-09-21,[],20
Erro code 1175.md,2024-09-16 14:26:31,2024-09-15,[],82
Geral.md,2024-09-12 00:22:02,2024-09-11,[],28
Linguagem de Controle de Dados (DCL).md,2024-09-12 00:23:42,2024-09-11,[],42
Linguagem de Defini√ß√£o de Dados (DDL).md,2024-09-12 00:16:24,2024-09-11,[],60
Linguagem de Manipula√ß√£o de Dados (DML).md,2024-09-16 21:18:04,2024-09-11,[],67
Otimizar as consultas SQL.md,2024-09-26 23:09:10,2024-09-26,[],512
Projetos.md,2024-08-31 01:14:26,2024-08-19,[],469
Qualificador de escopo.md,2024-10-10 00:04:13,2024-10-09,[],207
Queries.md,2024-09-12 00:21:47,2024-09-11,[],31
RDBMS.md,2024-09-12 00:14:09,2024-09-11,[],556
SCHEMA.md,2024-10-09 23:49:15,2024-10-09,[],314
Sintaxe SQL.md,2024-09-16 21:07:39,2024-09-11,[],61
SQL vx NoSQL.md,2024-09-26 23:42:23,2024-09-11,[],290
SQL.md,2024-09-12 00:14:15,2024-09-11,[],42
SSMS.md,2024-09-28 20:42:46,2024-09-28,[],65
Subquereies Aninhadas.md,2024-09-21 21:26:08,2024-09-21,[],32
Subquereies Correlacionadas.md,2024-09-21 21:25:12,2024-09-21,[],34
Subqueries.md,2024-09-21 21:25:51,2024-09-21,[],33
Tipos de dados SQL.md,2024-09-12 00:21:32,2024-09-11,[],43
Unicode.md,2024-09-12 00:15:04,2024-09-11,[],37
√Årvore balanceada.md,2024-09-26 20:59:11,2024-09-26,[],91
Coisas para juntar.md,2024-10-23 22:36:39,,[],16
ABS.md,2024-10-23 01:06:45,2024-09-23,[],56
ADD.md,2024-09-15 23:34:25,2024-09-15,[],46
ALTER.md,2024-09-13 20:44:35,2024-09-13,[],15
AND.md,2024-09-17 19:04:11,2024-09-17,[],27
AS.md,2024-09-19 20:17:36,2024-09-16,[],143
ASC.md,2024-09-16 21:20:02,2024-09-16,[],19
asterisco.md,2024-09-13 20:50:45,2024-09-13,[],8
BETWEEN.md,2024-09-19 19:50:49,2024-09-16,[],83
CASE.md,2024-10-23 00:33:54,2024-09-23,[],151
CEILING.md,2024-09-23 21:17:08,2024-09-23,[],57
CHECK.md,2024-09-20 23:08:25,2024-09-20,[],41
COALESCE.md,2024-09-25 14:24:11,2024-09-24,[],93
CONCAT.md,2024-10-12 20:54:55,2024-09-21,[],77
Consultas Agregadas.md,2024-09-20 23:10:42,,[],0
COUNT().md,2024-09-18 21:00:02,2024-09-18,[],16
COUNT.md,2024-09-16 01:25:55,2024-09-16,[],65
CREATE INDEX.md,2024-09-21 00:35:49,2024-09-21,[],110
CREATE TEMPORARY TABLE.md,2024-10-03 00:33:20,2024-09-26,[],143
CREATE VIEW.md,2024-09-28 21:42:21,2024-09-24,[],103
CREATE.md,2024-09-21 20:37:39,2024-09-12,[],19
CROSS JOIN.md,2024-09-21 20:13:39,2024-09-21,[],81
CRUD.md,2024-09-16 21:18:04,2024-09-13,[],37
DATE.md,2024-09-24 19:38:28,2024-09-15,[],149
DATEADD.md,2024-09-23 21:13:37,2024-09-23,[],91
DATEPART.md,2024-09-23 21:11:24,2024-09-23,[],75
DEFAULT.md,2024-09-21 00:03:30,2024-09-21,[],41
DELETE ou DROP VIEW.md,2024-09-25 21:26:12,2024-09-25,[],61
DELETE.md,2024-10-20 00:56:29,2024-09-15,[],15
DESC.md,2024-09-16 21:20:21,2024-09-16,[],7
DISTINCT.md,2024-10-10 23:59:36,2024-04-28,[],66
DOD.md,2024-10-02 15:30:26,2024-10-02,[],54
DROP VIEW.md,2024-09-25 21:21:55,2024-09-25,[],78
DROP.md,2024-09-13 20:42:37,2024-09-12,[],16
FLOOR.md,2024-09-23 22:29:47,2024-09-23,[],56
FOREIGN KEY.md,2024-10-12 23:34:26,2024-09-16,[],126
FULL (OUTER) JOIN.md,2024-09-20 19:10:59,2024-09-19,[],142
Fun√ß√µes avan√ßadas.md,2024-10-15 21:07:58,2024-09-21,[],315
Fun√ß√µes de agrega√ß√£o SQL.md,2024-09-18 20:29:24,2024-09-18,[],128
GROUP BY.md,2024-10-14 23:42:10,2024-09-18,[],137
HAVING.md,2024-10-14 23:37:25,2024-09-20,[],200
IN.md,2024-09-16 21:03:51,2024-09-16,[],25
INSERT INTO.md,2024-09-17 20:09:18,2024-09-17,[],69
INTO.md,2024-09-16 21:18:04,2024-09-15,[],15
IS NULL.md,2024-09-18 00:00:20,2024-09-17,[],23
JOIN.md,2024-09-21 20:26:33,2024-09-19,[],214
LEFT (OUTER) JOIN.md,2024-09-19 23:23:19,2024-09-19,[],149
LENGTH.md,2024-09-23 20:26:07,2024-09-23,[],47
LIKE.md,2024-09-18 22:31:35,2024-09-16,[],36
LIMIT.md,2024-09-18 20:20:30,2024-09-18,[],46
LOWER.md,2024-09-23 20:30:21,2024-09-23,[],43
MAX().md,2024-10-19 01:35:24,,[],0
MOD.md,2024-09-23 22:38:01,2024-09-23,[],53
Nomal x temporary x view x Select.md,2024-10-09 01:37:21,2024-10-05,[],472
NOT NULL.md,2024-09-20 23:06:15,2024-09-20,[],34
NOT.md,2024-09-19 19:44:35,2024-09-19,[],45
NULLIF.md,2024-09-24 19:06:09,2024-09-23,[],57
Operadores do LIKE.md,2024-09-19 19:41:35,2024-09-18,[],87
Operadores no SQL.md,2024-09-19 19:51:17,2024-09-13,[],60
OR.md,2024-09-17 19:11:25,2024-09-17,[],61
ORDER BY.md,2024-09-16 21:28:55,2024-09-16,[],84
Par√™nteses.md,2024-09-17 19:55:27,2024-09-17,[],90
Prefixos SQL.md,2024-09-19 20:33:54,,[],0
PRIMARY KEY.md,2024-09-15 21:38:10,2024-09-15,[],56
REFERENCES.md,2024-09-16 00:16:42,2024-09-16,[],30
REPLACE VIEW.md,2024-09-25 21:19:07,2024-09-25,[],128
REPLACE.md,2024-09-23 20:28:53,2024-09-23,[],50
Restri√ß√µes SQL.md,2024-09-20 23:57:06,2024-09-20,[],159
RIGHT (OUTER) JOIN.md,2024-09-19 23:23:40,2024-09-19,[],133
ROUND.md,2024-10-11 00:30:05,2024-09-23,[],55
SELECT TOP.md,2024-09-18 00:08:13,2024-09-18,[],88
SELECT.md,2024-09-20 23:00:24,2024-09-18,[],12
SELF JOIN.md,2024-09-20 19:27:48,2024-09-20,[],120
Sem t√≠tulo.md,2024-09-15 23:32:15,,[],0
SET.md,2024-09-15 20:56:03,2024-09-13,[],45
SUBSTRING.md,2024-09-23 20:21:51,2024-09-23,[],60
TIME.md,2024-09-23 21:04:29,2024-09-23,[],73
TIMESTAMP.md,2024-09-23 21:07:45,2024-09-23,[],57
UNION.md,2024-10-16 23:59:16,2024-09-20,[],152
UNIQUE.md,2024-09-21 00:01:48,2024-09-20,[],84
UPDATE.md,2024-09-15 21:25:51,2024-09-15,[],22
UPPER.md,2024-10-11 00:29:43,2024-09-23,[],41
USE.md,2024-09-15 20:52:44,2024-09-15,[],13
VARCHAR.md,2024-09-16 00:05:19,2024-09-16,[],34
VIEW.md,2024-09-25 21:10:25,2024-09-24,[],67
WHERE.md,2024-09-16 21:02:53,2024-09-13,[],25
√çNDICES.md,2024-09-26 21:12:17,2024-09-26,[],41
Planejamento.md,2024-10-02 23:58:42,2024-09-28,[],692
Career Content.md,2024-11-28 17:11:32,2024-11-24,[],86
Perguntas.md,2024-12-29 22:58:13,,[],492
progeto 3.md,2024-12-15 16:29:00,,[],4414
Sem t√≠tulo.md,2024-12-12 19:32:33,,[],127
T√©cnicas de estudo.md,2024-12-07 00:23:04,2024-12-03,[],890
Introdu√ß√£o √° EDA e DATAVIZ.md,2024-12-03 20:18:58,2024-12-03,[],17
Networking Como Criar uma Rede de Contatos Profissionais.md,2024-09-18 23:32:45,2024-04-28,[],254
0 Quero ler.md,2024-12-20 23:25:02,2024-12-17,[],125
4 tipos de an√°lise de dados para criar estrat√©gias certeiras.md,2024-11-21 21:22:08,2024-04-28,[],89
43 conjuntos de dados gratuitos para construir um portf√≥lio irresist√≠vel.md,2024-11-21 22:56:03,2024-04-28,[],346
Como criar seu portf√≥lio de Data Scientist e divulgar seus trabalhos.md,2024-11-20 21:36:19,2024-04-28,[],85
Data - career transition.md,2024-11-17 23:57:46,2024-04-28,[],122
Data sience para Neg√≥cios.md,2024-10-28 23:04:24,2024-09-30,[],2603
Eletr√¥nica B√°sica.md,2024-07-10 14:02:38,2024-04-24,[],204
Livros para eletr√¥nica.md,2024-04-19 23:32:15,2024-04-19,[],124
O mundo assombrado pelos demonio.md,2024-10-28 16:33:12,,[],61
O poder do h√°bito.md,2024-10-28 16:23:02,,[],326
O teste da m√£e.md,2024-12-10 01:26:33,,[],381
Rapido e Devagar 2 formas de pensar.md,2024-01-27 11:30:00,,['#Psicologia'],419
Storytelling com dados.md,2024-09-30 15:31:36,2024-09-04,[],1645
Voice in.md,2024-08-05 21:43:05,2024-04-28,[],25
+Dinheiro.md,2024-07-14 01:27:38,2024-07-14,[],29
efeito florida.md,2023-11-27 11:27:02,,['#Psicologia'],87
efeito Lady Macbeth.md,2023-11-28 11:28:24,,['#Psicologia'],15
N√≠veis.md,2024-05-20 00:59:39,,[],39
Aninha.md,2024-11-12 01:41:08,,[],5
Esther.md,2023-10-10 13:00:52,,[],71
Luck.md,2023-10-12 12:17:43,,[],49
Naom√≠.md,2023-10-12 12:15:53,,['#Pessoa'],83
Ken.md,2024-09-19 01:14:01,2024-09-19,[],48
TOP.md,2024-09-19 00:25:42,,[],48
Chatpdf.md,2024-04-29 11:07:59,2024-04-28,[],19
Cor invertida.md,2024-04-29 00:42:10,2024-04-28,[],12
Everycircuit.md,2024-04-29 00:02:24,2024-04-28,[],25
Ferramentas para design de circuitos eletr√¥nicos.md,2024-04-29 00:34:48,2024-04-28,[],52
intervals.icu.md,2024-04-29 00:21:33,2024-04-28,[],18
Paperzonevn.md,2024-04-29 00:57:07,2024-04-28,[],13
perplexity.md,2024-08-05 21:37:01,2024-04-28,[],10
Playgraund.md,2024-08-05 02:04:11,2024-04-28,[],10
Scispace.md,2024-05-02 10:54:56,2024-04-28,[],14
Sites para pesquisar artigos.md,2024-04-28 23:47:44,2024-04-28,[],7
Status invest.md,2024-04-29 00:15:46,2024-04-28,[],14
Suno.io.md,2024-04-29 00:03:56,2024-04-28,[],18
tempo.com.md,2024-04-29 00:36:29,2024-04-28,[],49
Video highlight.md,2024-04-29 11:06:23,2024-04-28,[],11
D Cientista de Dados financeiro.md,2024-09-29 00:01:27,2024-09-28,[],200
87 DICAS OBSIDIAN Do Iniciante ao Avan√ßado  Tutorial Obsidian.md,2024-04-29 11:00:02,2024-04-28,[],971
A arte e a ci√™ncia de MEMORIZAR qualquer coisa.md,2024-08-17 19:27:21,2024-04-28,[],41
A F√≠sica da Neuroci√™ncias.md,2024-06-08 19:17:01,2024-04-28,[],265
A MELHOR FORMA DE CHEGAR EM QUEM VOC√ä T√Å A FIM Marcos Lacerda psic√≥logo.md,2024-05-23 02:02:30,2024-04-28,[],67
Adeus verbo to be.md,2024-12-03 23:41:17,2024-04-28,[],371
Anota√ß√µes escritas ou digitadas.md,2024-11-15 16:55:34,2024-04-28,[],130
APRENDA INGL√äS SOZINHO e de GRAcA.md,2024-11-15 17:03:33,2024-04-28,[],514
APRENDA INGL√äS SOZINHO e de GRA√áA.md,2024-08-21 00:24:53,2024-04-28,[],362
Como e quais componentes guardar de sucata.md,2024-05-05 00:33:05,2024-04-28,[],59
COMO ESTUDAR POR PDF USANDO INTELIG√äNCIA ARTIFICIAL - UPDF.md,2024-05-04 00:45:36,2024-04-26,[],61
Como ganhar DINHEIRO ONLINE (fazendo freelance).md,2024-07-26 12:18:23,2024-04-28,[],351
"Como Magnetizar e Desmagnetizar ferramentas de forma CORRETA, com um pequeno dispositivo!üß≤.md",2024-04-27 00:26:51,2024-04-27,[],44
Curso de Minera√ß√£o de Senten√ßas.md,2024-11-28 21:44:05,2024-04-28,[],56
Engenharia de prompt.md,2024-05-07 19:35:25,2024-05-07,[],93
Equipamentos & Ferramentas - Software para Controle de Componentes Eletr√¥nicos ‚Äúcom algo a mais‚Äù.md,2024-05-05 23:57:52,2024-04-28,[],58
Evid√™ncia suprimida (Cherry picking).md,2024-05-03 11:27:29,2024-04-28,[],34
Fazemos algo surreal ao falar portugu√™s!.md,2024-04-28 22:53:19,2024-04-28,[],38
From Paper to Bionics Origami's Incredible Impact on Science  FD Engineering.md,2024-04-30 12:53:51,2024-04-28,[],1440
Github com Alexandre.md,2024-12-10 21:27:58,2024-04-28,[],30
M√©todo SQ3R.md,2024-08-18 00:45:19,2024-04-28,[],127
Por que comemos sempre a mesma coisa.md,2024-03-06 00:51:09,,['#Nutricionismo'],117
Por que pessoas BURRAS se acham INTELIGENTES.md,2024-04-09 01:01:06,2024-04-08,[],33
Qual √© a VELOCIDADE da ELETRICIDADE.md,2024-04-24 00:22:15,2024-04-24,[],71
Trans√≠stor Explicado - Como funcionam os trans√≠stores.md,2024-09-12 20:53:29,2024-04-28,[],247
Zettelkasten.md,2024-04-07 23:09:29,,['#Aprendizado'],102
Concertei exten√ß√£o.md,2024-04-24 17:30:13,2024-04-24,[],15
Concertei minha lanterna.md,2024-04-24 18:52:52,2024-04-24,[],21
Concertei teclado.md,2024-05-01 16:33:37,2024-05-01,[],39
Fiz fios jacar√©s.md,2024-04-24 19:00:35,2024-04-24,[],16
Melhorei os estiletes..md,2024-04-24 17:31:08,2024-04-24,[],11
Pasta para soldar.md,2024-04-24 17:30:56,2024-04-24,[],9
Pegador de acerolas.md,2024-04-24 19:01:21,2024-04-24,[],5
Planos para Lumin√°ria.md,2024-05-07 21:04:12,2024-05-04,[],109
Avalia qual ou quais compreess√µes.md,2024-08-23 21:22:49,,[],0
Avaliador de livros.md,2024-09-03 01:39:36,2024-08-29,[],162
A√ß√µes.md,2024-07-17 01:19:15,2024-07-17,[],36
Corretor de reda√ß√µes e plotador de erros.md,2024-11-10 17:38:02,2024-11-10,[],9
Criador de palavras que faltam.md,2024-08-29 17:47:21,2024-08-29,[],53
Detector de circuitos.md,2024-05-30 00:56:59,2024-05-30,[],44
Excel para controle de estoque.md,2024-05-05 23:59:47,2024-05-05,[],30
Gerador de diagrama crochet.md,2024-09-04 01:14:00,2024-09-04,[],41
Gr√°ficos para csv.md,2024-08-19 18:47:13,2024-08-19,[],11
Hipoteses.md,2024-11-24 23:08:42,2024-11-24,[],9
Livro = astronauta na terra.md,2024-07-29 00:51:59,2024-07-29,[],88
Livro = Beleza.md,2024-07-29 01:58:18,2024-07-29,[],164
Medidor de peso com a varia√ß√£o da capacitancia..md,2024-05-12 00:48:54,2024-05-12,[],63
Multpesquisador.md,2024-08-10 10:55:38,,[],61
Ordenador de word.md,2024-08-30 01:59:15,2024-08-30,[],42
Ponteira heat pipe.md,2024-04-24 23:15:55,2024-04-24,[],33
Previs√£o de demanda para cadeias de suprimentos.md,2024-08-19 19:26:59,2024-08-19,[],12
Transformar celular em um arduino..md,2024-05-12 00:46:19,2024-05-12,[],33
Trayler.md,2024-06-15 01:31:53,2024-06-09,[],117
Emo√ß√£o.md,2024-11-26 16:55:26,2024-11-26,[],47
RPD.md,2024-11-26 16:57:16,2024-11-26,[],85
Estudo.md,2024-09-20 19:25:10,{{date}},[],0
Nota diaria.md,2023-09-27 20:21:44,,[],2
Pessoas.md,2023-09-27 21:19:11,,[],48
pret.md,2024-09-19 00:29:40,{{date}},[],27
Sites.md,2024-04-28 23:20:18,2024-04-28,[],2
V√≠deo.md,2024-04-28 23:19:33,2024-04-28,[],3
Drawing 2024-09-04 00.54.48.excalidraw.md,2024-09-04 20:58:49,,['[excalidraw]'],1667
