Nome da Nota,Data da Última Modificação,Data da Nota,Tags,Contagem de Palavras,Links,Caminho da Nota,Palavras/Link,cont_tags,quão_escondido
",pop",2024-11-13,2024-11-13,['Python'],108,0,",pop.md",0.46559428060768543,1,0
Discretização,2024-10-23,2024-10-23,['DataAnalyst'],28,0,Discretização.md,1.0420017873100984,1,0
EDA,2024-12-03,2024-12-03,['DataAnalyst'],158,8,EDA.md,2.696296296296296,1,0
Indução,2024-10-29,2024-10-29,['DataAnalyst'],132,6,Indução.md,2.25,1,0
o'clock,2024-11-22,2024-11-22,['Word'],26,2,o'clock.md,2.6450892857142856,1,0
quantidade de palavras,2024-11-28,,[],592,0,quantidade de palavras.md,0.02680965147453083,0,0
Sem título,2024-11-22,,[],0,0,Sem título.md,1.2841823056300268,0,0
Tripleten,2024-10-29,2024-10-29,['DataAnalyst'],97,0,Tripleten.md,0.5013404825737265,1,0
vxcvx.gif,2024-12-10,,[],0,0,vxcvx.gif.md,1.2841823056300268,0,0
Ações,2024-07-17,,[],0,0,.trash\Ações.md,1.2841823056300268,0,1
Terrawwwwwww,2024-07-15,,[],0,0,.trash\Terrawwwwwww.md,1.2841823056300268,0,1
Terrawwwwwwwwwww,2024-07-15,,[],0,0,.trash\Terrawwwwwwwwwww.md,1.2841823056300268,0,1
Terrawwwwwwwwwwww2w22wwwwwww,2024-07-15,,[],0,0,.trash\Terrawwwwwwwwwwww2w22wwwwwww.md,1.2841823056300268,0,1
Terrawwwwwwwwwwwww,2024-07-15,,[],0,0,.trash\Terrawwwwwwwwwwwww.md,1.2841823056300268,0,1
Terrawwwwwwwwwwwwwww,2024-07-15,,[],0,0,.trash\Terrawwwwwwwwwwwwwww.md,1.2841823056300268,0,1
Cheklist,2024-12-03,,[],298,14,00 - cheklist\Cheklist.md,2.3666666666666667,0,1
Organização da organização,2024-10-18,,[],17,3,00 - cheklist\Organização da organização.md,3.9011976047904193,0,1
O voto não é o que você pensa.,2024-09-19,,[],2732,0,01 - Progetos\O voto não é o que você pensa..md,0.0071492403932082215,0,1
300 palavras basicas,2024-12-06,,[],3738,0,01 - Progetos\Anki\300 palavras basicas.md,0.005361930294906166,0,2
Anki,2024-11-28,,[],33,1,01 - Progetos\Anki\Anki.md,1.7072419106317411,0,2
DA,2024-11-19,2024-11-19,['DataAnalyst'],112,0,01 - Progetos\Anki\DA.md,0.451295799821269,1,2
Eniglish,2024-11-26,,[],206,1,01 - Progetos\Anki\Eniglish.md,0.40061633281972264,0,2
Gráfico,2024-11-15,2024-11-15,[],5,0,01 - Progetos\Anki\Gráfico.md,1.2502234137622878,0,2
Python,2024-12-12,2024-11-15,[],120,1,01 - Progetos\Anki\Python.md,0.7318952234206472,0,2
pythonloco,2024-11-19,,[],4296,0,01 - Progetos\Anki\pythonloco.md,0.0035746201966041107,0,2
01,2024-12-08,2024-12-08,[],179,13,01 - Progetos\Inglês\01.md,4.656716417910448,0,2
Alfabeto,2024-11-15,2024-04-28,['Inglês'],290,0,01 - Progetos\Inglês\Alfabeto.md,0.13672922252010725,1,2
Articles,2024-11-27,2024-11-27,['Inglês'],7,1,01 - Progetos\Inglês\Articles.md,2.140215716486903,1,2
Fonética das palavras com ch,2024-11-17,2024-04-28,['Inglês'],62,0,01 - Progetos\Inglês\Fonética das palavras com ch.md,0.7050938337801609,1,2
"in, on e at(para lugar)",2024-11-22,2024-11-20,['Conceito'],75,0,"01 - Progetos\Inglês\in, on e at(para lugar).md",0.613941018766756,1,2
"in, on e at(para tempo)",2024-12-31,2024-11-20,['Preposição'],257,3,"01 - Progetos\Inglês\in, on e at(para tempo).md",0.5598802395209581,1,2
Noun,2024-11-27,,[],1,1,01 - Progetos\Inglês\Noun.md,2.172573189522342,0,2
Object of the sentence,2024-11-26,2024-11-26,['Inglês'],84,0,01 - Progetos\Inglês\Object of the sentence.md,0.5764075067024129,1,2
Phonetics,2024-11-27,,[],0,0,01 - Progetos\Inglês\Phonetics.md,1.2841823056300268,0,2
Posições,2024-12-18,2024-11-21,['Inglês'],202,30,01 - Progetos\Inglês\Posições.md,27.4,1,2
Pronome,2024-11-26,2024-11-26,['Conceito'],170,2,01 - Progetos\Inglês\Pronome.md,0.7410714285714286,1,2
Sem título,2024-11-26,,[],0,0,01 - Progetos\Inglês\Sem título.md,1.2841823056300268,0,2
Verbs,2024-11-18,2024-11-18,['Regra'],198,1,01 - Progetos\Inglês\Verbs.md,0.42989214175654855,1,2
Color,2024-12-01,2024-12-01,['Word'],438,0,01 - Progetos\Inglês\Palavras\Color.md,0.05540661304736372,1,3
Days of the week,2024-12-01,2024-12-01,['Word'],48,0,01 - Progetos\Inglês\Palavras\Days of the week.md,0.8275245755138516,1,3
evening,2024-11-22,2024-11-22,['Word'],46,0,01 - Progetos\Inglês\Palavras\evening.md,0.8534405719392315,1,3
Months and Seasons,2024-12-02,2024-12-01,['Word'],161,0,01 - Progetos\Inglês\Palavras\Months and Seasons.md,0.3163538873994638,1,3
noon,2024-11-22,2024-11-22,['Word'],11,0,01 - Progetos\Inglês\Palavras\noon.md,1.2180518319928508,1,3
Numbers,2024-12-08,2024-12-03,['Word'],268,0,01 - Progetos\Inglês\Palavras\Numbers.md,0.15370866845397677,1,3
Não sei,2024-12-29,2024-11-29,['Inglês'],17,0,01 - Progetos\Inglês\Palavras\Não sei.md,1.1644325290437891,1,3
Conjunto dos inteiros,2023-09-29,,"['Matemática', 'números']",162,0,01 - Progetos\Matemática\Conjunto dos inteiros.md,0.3118856121537087,2,2
Conjunto dos Irracionais,2023-10-03,,"['Matemática', 'números']",91,0,01 - Progetos\Matemática\Conjunto dos Irracionais.md,0.5415549597855228,2,2
Conjunto dos Racionais,2023-09-29,,"['Matemática', 'números']",182,0,01 - Progetos\Matemática\Conjunto dos Racionais.md,0.2716711349419124,2,2
Conjunto dos reais,2023-09-29,,"['Matemática', 'números']",162,0,01 - Progetos\Matemática\Conjunto dos reais.md,0.3118856121537087,2,2
Conjuntos dos naturais,2023-09-29,,"['Matemática', 'números']",130,2,01 - Progetos\Matemática\Conjuntos dos naturais.md,1.0044642857142858,2,2
Conjuntos numéricos,2024-04-21,,"['Matemática', 'números']",51,5,01 - Progetos\Matemática\Conjuntos numéricos.md,3.912280701754386,2,2
Sem título,2024-10-25,,[],54,0,01 - Progetos\Matemática\Sem título.md,0.774798927613941,0,2
Fundamentos da matemática elementar V1,2024-11-09,,[],17,1,01 - Progetos\Matemática\Volume 1\Fundamentos da matemática elementar V1.md,2.0077041602465333,0,3
Negação(~),2024-10-25,2024-10-25,['Matemática'],43,2,01 - Progetos\Matemática\Volume 1\Negação(~).md,2.203125,1,3
Proposição composta,2024-11-09,2024-11-09,[],50,1,01 - Progetos\Matemática\Volume 1\Proposição composta.md,1.391371340523883,0,3
Proposição,2024-10-25,2024-10-25,['Matemática'],188,7,01 - Progetos\Matemática\Volume 1\Proposição.md,1.7914110429447854,1,3
Variáveis,2024-11-11,2024-11-11,['Programação'],40,2,01 - Progetos\Matemática\Volume 1\Variáveis.md,2.28125,1,3
Algoritmos de memorização,2024-08-17,2024-08-17,['Aprendizado'],10,1,01 - Progetos\Outros\Algoritmos de memorização.md,2.115562403697997,1,2
Breu,2024-04-24,2024-04-24,[],34,1,01 - Progetos\Outros\Breu.md,1.6810477657935285,0,2
Como eu estudo,2024-08-22,2024-08-21,['Aprendizado'],83,2,01 - Progetos\Outros\Como eu estudo.md,1.4508928571428572,1,2
Hidro-semeadura,2024-04-20,,[],0,0,01 - Progetos\Outros\Hidro-semeadura.md,1.2841823056300268,0,2
Leitura do Coruja,2024-12-31,2024-04-30,['Sociologia'],34,1,01 - Progetos\Outros\Leitura do Coruja.md,1.6810477657935285,1,2
Major System,2024-08-17,2024-08-17,['Aprendizado'],171,0,01 - Progetos\Outros\Major System.md,0.29222520107238603,1,2
Palácio da memória,2024-08-17,2024-08-17,['Aprendizado'],137,1,01 - Progetos\Outros\Palácio da memória.md,0.6563944530046225,1,2
RGB,2024-04-09,2024-04-09,['Eletrônica'],45,1,01 - Progetos\Outros\RGB.md,1.4930662557781202,1,2
Plano inicial,2024-05-23,2024-05-23,[],45,0,01 - Progetos\Outros\Bike\Plano inicial.md,0.8659517426273459,0,3
Suplementos,2024-06-30,2024-06-24,[],111,1,01 - Progetos\Outros\Bike\Suplementos.md,0.7827426810477658,0,3
Zonas,2024-12-31,2024-06-22,['bike'],180,2,01 - Progetos\Outros\Bike\Zonas.md,0.6875,1,3
Perguntas Abertas,2023-11-03,,[],33,0,01 - Progetos\Outros\Brinco\Perguntas Abertas.md,0.9901697944593387,0,3
corrente,2024-04-25,2024-04-25,['Eletrônica'],26,2,01 - Progetos\Outros\Eletrônica\corrente.md,2.6450892857142856,1,3
Current sink,2024-05-25,2024-05-25,['Eletrônica'],19,2,01 - Progetos\Outros\Eletrônica\Current sink.md,2.8392857142857144,1,3
Current source,2024-05-25,2024-05-25,['Eletrônica'],19,2,01 - Progetos\Outros\Eletrônica\Current source.md,2.8392857142857144,1,3
Integração dos componentes,2024-04-19,,['Eletrônica'],59,6,01 - Progetos\Outros\Eletrônica\Integração dos componentes.md,4.209183673469388,1,3
Kirchhoff,2024-04-14,2024-04-14,['Eletrônica'],27,2,01 - Progetos\Outros\Eletrônica\Kirchhoff.md,2.625,1,3
lei de kirchhoff das tensões,2024-04-18,2024-04-14,['Eletrônica'],29,3,01 - Progetos\Outros\Eletrônica\lei de kirchhoff das tensões.md,3.461077844311377,1,3
lei de ohm,2024-04-14,2024-04-07,['Eletrônica'],16,4,01 - Progetos\Outros\Eletrônica\lei de ohm.md,4.907063197026022,1,3
Metas,2024-05-29,,"['Eletrônica', 'Planejamento']",85,7,01 - Progetos\Outros\Eletrônica\Metas.md,3.9263803680981595,2,3
ohms,2024-04-16,2024-04-16,['Eletrônica'],31,1,01 - Progetos\Outros\Eletrônica\ohms.md,1.7380585516178737,1,3
Resistor de pull up,2024-05-27,2024-05-27,['Eletrônica'],31,3,01 - Progetos\Outros\Eletrônica\Resistor de pull up.md,3.377245508982036,1,3
resistores de leds,2024-04-14,2024-04-08,['Eletrônica'],242,15,01 - Progetos\Outros\Eletrônica\resistores de leds.md,3.607142857142857,1,3
Resistência,2024-04-18,2024-04-16,['Eletrônica'],33,2,01 - Progetos\Outros\Eletrônica\Resistência.md,2.4732142857142856,1,3
tenção,2024-04-25,2024-04-16,['Eletrônica'],92,4,01 - Progetos\Outros\Eletrônica\tenção.md,2.2230483271375463,1,3
TRI-STATE,2024-05-25,2024-05-25,['Eletrônica'],58,4,01 - Progetos\Outros\Eletrônica\TRI-STATE.md,3.107806691449814,1,3
"CRISTAL OSCILADOR EXTERNO, POLLING Curso de PIC 005",2024-06-09,2024-04-28,['Eletrônica'],150,9,"01 - Progetos\Outros\Eletrônica\01 - Notas\CRISTAL OSCILADOR EXTERNO, POLLING Curso de PIC 005.md",3.43859649122807,1,4
ENTRADAS DIGITAIS  Curso de PIC 004,2024-06-08,2024-04-28,['Eletrônica'],187,19,01 - Progetos\Outros\Eletrônica\01 - Notas\ENTRADAS DIGITAIS  Curso de PIC 004.md,8.909090909090908,1,4
"FUSÍVEIS, DATASHEET, SOFTWARE DE SIMULAÇÃO",2024-05-25,2024-04-28,['Eletrônica'],378,24,"01 - Progetos\Outros\Eletrônica\01 - Notas\FUSÍVEIS, DATASHEET, SOFTWARE DE SIMULAÇÃO.md",5.222222222222222,1,4
GRAVANDO O PRIMEIRO PIC 12F675  Curso de PIC 003,2024-05-27,2024-04-28,['Eletrônica'],234,21,01 - Progetos\Outros\Eletrônica\01 - Notas\GRAVANDO O PRIMEIRO PIC 12F675  Curso de PIC 003.md,8.074074074074074,1,4
INTRODUÇÃO PIC16F84A Curso de PIC,2024-05-25,2024-04-28,['Eletrônica'],143,17,01 - Progetos\Outros\Eletrônica\01 - Notas\INTRODUÇÃO PIC16F84A Curso de PIC.md,8.74468085106383,1,4
Bobina ou Indutor,2024-04-22,2024-04-17,['Eletrônica'],145,24,01 - Progetos\Outros\Eletrônica\Componentes\Bobina ou Indutor.md,22.555555555555557,1,4
Capacitor,2024-04-18,2024-04-17,['Eletrônica'],120,19,01 - Progetos\Outros\Eletrônica\Componentes\Capacitor.md,14.393939393939394,1,4
Chaves com memória,2024-05-03,2024-05-03,['Eletrônica'],41,1,01 - Progetos\Outros\Eletrônica\Componentes\Chaves com memória.md,1.5546995377503852,1,4
Chaves Momentâneas,2024-05-03,2024-05-03,['Eletrônica'],33,0,01 - Progetos\Outros\Eletrônica\Componentes\Chaves Momentâneas.md,0.9901697944593387,1,4
Chaves,2024-05-03,2024-05-03,['Eletrônica'],49,6,01 - Progetos\Outros\Eletrônica\Componentes\Chaves.md,4.658163265306122,1,4
componente,2024-07-15,2024-04-16,['Eletrônica'],63,17,01 - Progetos\Outros\Eletrônica\Componentes\componente.md,16.53191489361702,1,4
diodo,2024-05-03,2024-04-27,['Eletrônica'],185,24,01 - Progetos\Outros\Eletrônica\Componentes\diodo.md,16.555555555555557,1,4
EEPROM,2024-05-27,2024-05-25,['Eletrônica'],36,4,01 - Progetos\Outros\Eletrônica\Componentes\EEPROM.md,3.9479553903345725,1,4
LED,2024-04-14,2024-04-09,['Eletrônica'],20,2,01 - Progetos\Outros\Eletrônica\Componentes\LED.md,2.799107142857143,1,4
Memória,2024-05-27,2024-05-27,['Eletrônica'],44,10,01 - Progetos\Outros\Eletrônica\Componentes\Memória.md,10.284210526315789,1,4
Resistor,2024-05-08,2024-04-14,['Eletrônica'],79,18,01 - Progetos\Outros\Eletrônica\Componentes\Resistor.md,17.55263157894737,1,4
Sensores,2024-05-09,2024-05-08,['Eletrônica'],114,9,01 - Progetos\Outros\Eletrônica\Componentes\Sensores.md,4.368421052631579,1,4
Solda,2024-04-18,2024-04-16,['Eletrônica'],101,5,01 - Progetos\Outros\Eletrônica\Componentes\Solda.md,2.3991228070175437,1,4
Terra,2024-04-25,2024-04-25,['Eletrônica'],53,1,01 - Progetos\Outros\Eletrônica\Componentes\Terra.md,1.3482280431432974,1,4
Transistor,2024-05-03,2024-04-30,['Eletrônica'],102,21,01 - Progetos\Outros\Eletrônica\Componentes\Transistor.md,20.074074074074073,1,4
Comandos,2024-12-31,2024-05-15,['Eletrônica'],28,1,01 - Progetos\Outros\Eletrônica\Proteus\Comandos.md,1.7966101694915255,1,4
Pick devices,2024-05-27,2024-05-15,['Eletrônica'],40,8,01 - Progetos\Outros\Eletrônica\Proteus\Pick devices.md,7.57037037037037,1,4
Quais consigo fazer.,2024-08-05,2024-08-04,[],30,6,01 - Progetos\Outros\Frella\Quais consigo fazer..md,5.831632653061225,0,3
Quais vou fazer,2024-08-27,2024-08-27,[],11,1,01 - Progetos\Outros\Frella\Quais vou fazer.md,2.100154083204931,0,3
Metas,2024-12-31,2024-05-07,['Maker'],28,1,01 - Progetos\Outros\Maker\Metas.md,1.7966101694915255,1,3
Papel alumínio,2024-12-31,2024-05-07,['Maker'],68,5,01 - Progetos\Outros\Maker\Materiais\Papel alumínio.md,3.2149122807017543,1,4
PVC,2024-12-31,2024-05-07,['Maker'],48,3,01 - Progetos\Outros\Maker\Materiais\PVC.md,2.7724550898203595,1,4
Super cola,2024-05-07,2024-05-07,['Maker'],31,2,01 - Progetos\Outros\Maker\Materiais\Super cola.md,2.517857142857143,1,4
Coisas a fazer,2024-07-12,,[],23,0,01 - Progetos\Outros\Vida\Coisas a fazer.md,1.093833780160858,0,3
Exercicios,2024-09-05,2024-08-17,[],281,3,01 - Progetos\Outros\Vida\Exercicios.md,0.4820359281437126,0,3
Vida 1,2024-08-08,,[],0,0,01 - Progetos\Outros\Vida\Vida 1.md,1.2841823056300268,0,3
Acentuação,2024-09-21,,"['Português', 'fonologia']",237,9,01 - Progetos\Português\Acentuação.md,1.8596491228070176,2,2
Adjetivo,2023-11-02,,"['Português', 'Classes_de_palavras']",3,0,01 - Progetos\Português\Adjetivo.md,1.2546916890080428,2,2
Artigo,2023-11-02,,"['Português', 'Classes_de_palavras']",134,9,01 - Progetos\Português\Artigo.md,3.7719298245614037,2,2
Classe de palavras,2023-10-25,,"['Português', 'Morfologia']",37,10,01 - Progetos\Português\Classe de palavras.md,11.08421052631579,2,2
Classificação das consoantes,2023-10-06,,"['Português', 'fonologia']",35,4,01 - Progetos\Português\Classificação das consoantes.md,4.0,2,2
Classificação das vogais,2023-09-28,,"['fonologia', 'Português']",34,4,01 - Progetos\Português\Classificação das vogais.md,4.055762081784387,2,2
Composição,2023-10-17,,"['Português', 'ortografia']",95,1,01 - Progetos\Português\Composição.md,0.8828967642526965,2,2
Dissílaba,2023-10-21,,"['Português', 'fonologia']",19,1,01 - Progetos\Português\Dissílaba.md,1.9599383667180277,2,2
Ditongo,2023-10-02,,"['Português', 'fonologia']",99,10,01 - Progetos\Português\Ditongo.md,5.810526315789474,2,2
dupla prosódia,2023-10-01,,"['Português', 'fonologia']",110,0,01 - Progetos\Português\dupla prosódia.md,0.4584450402144772,2,2
Dígrafo,2023-09-28,,"['fonologia', 'Português']",30,2,01 - Progetos\Português\Dígrafo.md,2.5513392857142856,2,2
Dígrafos consonantais,2023-09-28,,"['fonologia', 'Português']",63,0,01 - Progetos\Português\Dígrafos consonantais.md,0.6943699731903485,2,2
Dígrafos vocálicos,2023-09-28,,"['fonologia', 'Português']",52,0,01 - Progetos\Português\Dígrafos vocálicos.md,0.7873100983020554,2,2
Emprego do E,2023-10-14,,"['Português', 'ortografia']",105,3,01 - Progetos\Português\Emprego do E.md,1.592814371257485,2,2
Emprego do G,2023-10-14,,"['Português', 'ortografia']",95,1,01 - Progetos\Português\Emprego do G.md,0.8828967642526965,2,2
Emprego do H,2024-04-24,,"['Português', 'ortografia']",243,8,01 - Progetos\Português\Emprego do H.md,1.4666666666666666,2,2
Emprego do Hífen,2023-10-17,,"['Português', 'ortografia']",3,0,01 - Progetos\Português\Emprego do Hífen.md,1.2546916890080428,2,2
Emprego do I,2023-10-14,,"['Português', 'ortografia']",110,3,01 - Progetos\Português\Emprego do I.md,1.535928143712575,2,2
Emprego do J,2023-10-13,,"['Português', 'ortografia']",106,0,01 - Progetos\Português\Emprego do J.md,0.4718498659517426,2,2
Emprego do S,2024-04-24,,"['Português', 'ortografia']",308,3,01 - Progetos\Português\Emprego do S.md,0.39221556886227543,2,2
Emprego do SC,2024-04-24,,"['Português', 'ortografia']",179,5,01 - Progetos\Português\Emprego do SC.md,1.368421052631579,2,2
Emprego do SS,2023-10-12,,"['Português', 'ortografia']",161,0,01 - Progetos\Português\Emprego do SS.md,0.3163538873994638,2,2
Emprego do X ou CH,2023-10-16,,"['Português', 'ortografia']",197,4,01 - Progetos\Português\Emprego do X ou CH.md,1.0483271375464684,2,2
Emprego do XC,2023-10-17,,[],68,1,01 - Progetos\Português\Emprego do XC.md,1.1294298921417565,0,2
Emprego do Z,2023-10-12,,"['Português', 'ortografia']",230,6,01 - Progetos\Português\Emprego do Z.md,1.1377551020408163,2,2
Emprego do Ç,2023-10-12,,[],133,3,01 - Progetos\Português\Emprego do Ç.md,1.2994011976047903,0,2
Encontros consonantais,2023-10-06,,"['fonologia', 'Português']",186,8,01 - Progetos\Português\Encontros consonantais.md,2.1925925925925926,2,2
Encontros vocálicos,2023-10-02,,"['Português', 'fonologia']",24,4,01 - Progetos\Português\Encontros vocálicos.md,4.4981412639405205,2,2
Fonemas consonantais,2023-09-28,,"['Português', 'fonologia']",76,0,01 - Progetos\Português\Fonemas consonantais.md,0.6085790884718498,2,2
Fonemas vocálicos,2023-09-28,,"['Português', 'fonologia']",46,0,01 - Progetos\Português\Fonemas vocálicos.md,0.8534405719392315,2,2
fonemas,2023-09-28,,"['fonologia', 'Português']",43,0,01 - Progetos\Português\fonemas.md,0.8820375335120644,2,2
Fonologia,2023-09-28,,"['fonologia', 'Português']",10,1,01 - Progetos\Português\Fonologia.md,2.115562403697997,2,2
Formas variante,2023-10-17,,"['Português', 'ortografia']",90,0,01 - Progetos\Português\Formas variante.md,0.546916890080429,2,2
Formação de palavras,2024-05-05,,['Português'],114,9,01 - Progetos\Português\Formação de palavras.md,4.368421052631579,1,2
Hiato,2023-10-06,,"['Português', 'fonologia']",23,2,01 - Progetos\Português\Hiato.md,2.732142857142857,2,2
Homônimos,2023-10-17,,"['Português', 'ortografia']",242,0,01 - Progetos\Português\Homônimos.md,0.1805183199285076,2,2
Interpretação x Compreender,2023-10-25,,['Português'],204,13,01 - Progetos\Português\Interpretação x Compreender.md,4.029850746268656,1,2
Monossílaba,2023-10-01,,"['Português', 'fonologia']",26,3,01 - Progetos\Português\Monossílaba.md,3.5479041916167664,2,2
Nasal,2023-10-02,,"['Português', 'fonologia']",49,1,01 - Progetos\Português\Nasal.md,1.4067796610169492,2,2
Oral,2023-10-02,,"['Português', 'fonologia']",28,1,01 - Progetos\Português\Oral.md,1.7966101694915255,2,2
Ortografia,2023-10-17,,"['Português', 'ortografia']",341,17,01 - Progetos\Português\Ortografia.md,2.382978723404255,2,2
Ortoépia,2024-12-04,,"['Português', 'fonologia']",47,0,01 - Progetos\Português\Ortoépia.md,0.839142091152815,2,2
Oxítonas,2023-09-30,,"['Português', 'fonologia']",23,0,01 - Progetos\Português\Oxítonas.md,1.093833780160858,2,2
Palavras de uma mesma família,2023-10-14,,"['Português', 'ortografia']",70,0,01 - Progetos\Português\Palavras de uma mesma família.md,0.6407506702412868,2,2
Palavras derivadas,2023-10-14,,[],0,0,01 - Progetos\Português\Palavras derivadas.md,1.2841823056300268,0,2
Paroxítonas,2023-09-30,,"['Português', 'fonologia']",22,0,01 - Progetos\Português\Paroxítonas.md,1.1027703306523682,2,2
Parônimos,2023-10-17,,"['Português', 'ortografia']",290,0,01 - Progetos\Português\Parônimos.md,0.13672922252010725,2,2
Polissílaba,2023-09-28,,"['Português', 'fonologia']",28,1,01 - Progetos\Português\Polissílaba.md,1.7966101694915255,2,2
prefixo,2023-10-14,,[],0,0,01 - Progetos\Português\prefixo.md,1.2841823056300268,0,2
Primeira leitura,2023-10-25,,['Português'],16,1,01 - Progetos\Português\Primeira leitura.md,2.0338983050847457,1,2
Proparoxítonas,2023-09-30,,"['Português', 'fonologia']",24,0,01 - Progetos\Português\Proparoxítonas.md,1.0813226094727435,2,2
Prosódia,2023-10-01,,"['Português', 'fonologia']",178,6,01 - Progetos\Português\Prosódia.md,1.6122448979591837,2,2
Quanto ao papel,2023-09-28,,"['Português', 'fonologia']",62,0,01 - Progetos\Português\Quanto ao papel.md,0.7050938337801609,2,2
Quanto ao timbre,2023-09-28,,"['Português', 'fonologia']",54,0,01 - Progetos\Português\Quanto ao timbre.md,0.774798927613941,2,2
Quanto à intensidade,2023-09-28,,"['Português', 'fonologia']",33,0,01 - Progetos\Português\Quanto à intensidade.md,0.9901697944593387,2,2
Quanto à zona de articulação,2023-09-28,,"['Português', 'fonologia']",54,0,01 - Progetos\Português\Quanto à zona de articulação.md,0.774798927613941,2,2
Segunda leitura,2023-10-25,,[],20,7,01 - Progetos\Português\Segunda leitura.md,7.693251533742331,0,2
Semivogal,2023-10-02,,"['Português', 'fonologia']",40,2,01 - Progetos\Português\Semivogal.md,2.28125,2,2
silabada,2023-10-01,,"['Português', 'fonologia']",18,1,01 - Progetos\Português\silabada.md,1.9845916795069338,2,2
Substantivo,2023-11-02,,"['Português', 'Classes_de_palavras']",87,4,01 - Progetos\Português\Substantivo.md,2.3345724907063197,2,2
Sílaba tônica,2023-10-07,,"['Português', 'fonologia']",117,6,01 - Progetos\Português\Sílaba tônica.md,2.4846938775510203,2,2
Sílaba,2023-09-30,,"['Português', 'fonologia']",82,7,01 - Progetos\Português\Sílaba.md,4.0184049079754605,2,2
Translineação,2023-10-06,,"['Português', 'fonologia']",578,22,01 - Progetos\Português\Translineação.md,1.391304347826087,2,2
Trissílaba,2023-09-28,,"['Português', 'fonologia']",21,1,01 - Progetos\Português\Trissílaba.md,1.9152542372881356,2,2
Tritongo,2023-10-02,,"['Português', 'fonologia']",84,3,01 - Progetos\Português\Tritongo.md,1.9311377245508983,2,2
Tônicos,2023-10-01,,"['Português', 'fonologia']",24,0,01 - Progetos\Português\Tônicos.md,1.0813226094727435,2,2
Átonos,2023-10-01,,"['Português', 'fonologia']",25,0,01 - Progetos\Português\Átonos.md,1.068811438784629,2,2
Freela,2024-12-02,2024-12-02,[],9,0,01 - Progetos\zData Analyst\Freela.md,1.2332439678284182,0,2
mineração de dado,2024-10-01,2024-10-01,['DataAnalyst'],55,0,01 - Progetos\zData Analyst\mineração de dado.md,0.7631814119749777,1,2
Sites,2024-08-24,2024-08-24,[],9,2,01 - Progetos\zData Analyst\Sites.md,3.080357142857143,0,2
Geral,2024-08-31,2024-08-05,['Datascience'],86,17,01 - Progetos\zData Analyst\0 Oque fazer\Geral.md,13.48936170212766,1,3
Análise inicial do DF,2024-12-21,2024-12-21,[],35,0,01 - Progetos\zData Analyst\Conceitos\Análise inicial do DF.md,0.9615728328865059,0,3
churn,2024-11-11,2024-11-11,['DataAnalyst'],42,0,01 - Progetos\zData Analyst\Conceitos\churn.md,0.8918677390527256,1,3
Coeficiente de correlação linear,2024-12-18,2024-12-18,['Gráfico'],257,1,01 - Progetos\zData Analyst\Conceitos\Coeficiente de correlação linear.md,0.288135593220339,1,3
Engenharia de características,2024-12-28,2024-12-27,['Conceito'],36,7,01 - Progetos\zData Analyst\Conceitos\Engenharia de características.md,6.515337423312883,1,3
Importância do grafico,2024-12-05,2024-12-05,[],40,1,01 - Progetos\zData Analyst\Conceitos\Importância do grafico.md,1.5747303543913713,0,3
Outliers,2024-12-21,2024-12-21,['Estatística'],26,0,01 - Progetos\zData Analyst\Conceitos\Outliers.md,1.0589812332439679,1,3
Rotatividade,2024-11-11,2024-11-11,['DataAnalyst'],27,1,01 - Progetos\zData Analyst\Conceitos\Rotatividade.md,1.8120184899845917,1,3
Sem título,2024-11-11,,[],0,0,01 - Progetos\zData Analyst\Conceitos\Sem título.md,1.2841823056300268,0,3
Avaliar fórmula,2024-12-31,2024-09-06,['DataAnalyst'],18,0,01 - Progetos\zData Analyst\Excel\Avaliar fórmula.md,1.1510277033065237,1,3
DADADIF,2024-08-25,2024-08-25,['DataAnalyst'],95,1,01 - Progetos\zData Analyst\Excel\DADADIF.md,0.8828967642526965,1,3
F4,2024-11-04,2024-11-04,['Comando'],63,1,01 - Progetos\zData Analyst\Excel\F4.md,1.197226502311248,1,3
Função TEXTO,2024-12-31,2024-09-06,['DataAnalyst'],160,1,01 - Progetos\zData Analyst\Excel\Função TEXTO.md,0.551617873651772,1,3
Função.excel,2024-12-31,2024-08-25,['DataAnalyst'],338,13,01 - Progetos\zData Analyst\Excel\Função.excel.md,1.7313432835820894,1,3
hlookup,2024-08-25,,[],0,0,01 - Progetos\zData Analyst\Excel\hlookup.md,1.2841823056300268,0,3
SE,2024-09-07,2024-08-25,['DataAnalyst'],62,2,01 - Progetos\zData Analyst\Excel\SE.md,1.7611607142857142,1,3
SEERRO,2024-12-31,2024-09-06,['DataAnalyst'],59,0,01 - Progetos\zData Analyst\Excel\SEERRO.md,0.7372654155495979,1,3
Tabelas dinâmicas,2024-12-31,2024-09-07,['DataAnalyst'],13,1,01 - Progetos\zData Analyst\Excel\Tabelas dinâmicas.md,2.0801232665639446,1,3
Variáveis no excel,2024-12-31,2024-09-06,['DataAnalyst'],29,3,01 - Progetos\zData Analyst\Excel\Variáveis no excel.md,3.461077844311377,1,3
vlookup,2024-08-25,,[],0,0,01 - Progetos\zData Analyst\Excel\vlookup.md,1.2841823056300268,0,3
Acercamento,2024-09-12,2024-09-12,[],42,2,01 - Progetos\zData Analyst\Graficos\Acercamento.md,2.2276785714285716,0,3
Barras horizontais empilhadas,2024-12-31,2024-09-11,['DataAnalyst'],18,1,01 - Progetos\zData Analyst\Graficos\Barras horizontais empilhadas.md,1.9845916795069338,1,3
Barras horizontais,2024-12-31,2024-09-11,['DataAnalyst'],22,2,01 - Progetos\zData Analyst\Graficos\Barras horizontais.md,2.7544642857142856,1,3
Barras verticais empilhadas,2024-12-31,2024-09-10,['DataAnalyst'],59,3,01 - Progetos\zData Analyst\Graficos\Barras verticais empilhadas.md,2.470059880239521,1,3
Barras verticais,2024-12-31,2024-09-10,['DataAnalyst'],25,1,01 - Progetos\zData Analyst\Graficos\Barras verticais.md,1.8428351309707243,1,3
Barras,2024-12-31,2024-09-10,['DataAnalyst'],227,11,01 - Progetos\zData Analyst\Graficos\Barras.md,2.85,1,3
Causa e efeito,2024-12-17,2024-12-17,['Gráfico'],91,1,01 - Progetos\zData Analyst\Graficos\Causa e efeito.md,0.9337442218798151,1,3
Conexão,2024-09-12,2024-09-12,[],59,4,01 - Progetos\zData Analyst\Graficos\Conexão.md,3.066914498141264,0,3
Continuidade,2024-09-12,2024-09-12,[],54,2,01 - Progetos\zData Analyst\Graficos\Continuidade.md,1.9352678571428572,0,3
Elementos de um Bom Gráfico,2024-12-17,2024-12-17,['Gráfico'],105,1,01 - Progetos\zData Analyst\Graficos\Elementos de um Bom Gráfico.md,0.8197226502311248,1,3
Exemplo de gráficos,2024-09-21,2024-09-13,['DataAnalyst'],307,25,01 - Progetos\zData Analyst\Graficos\Exemplo de gráficos.md,10.307692307692308,1,3
Fechamento,2024-09-12,2024-09-12,[],61,3,01 - Progetos\zData Analyst\Graficos\Fechamento.md,2.413173652694611,0,3
Gráfico de cascata,2024-12-31,2024-09-10,['DataAnalyst'],33,2,01 - Progetos\zData Analyst\Graficos\Gráfico de cascata.md,2.4732142857142856,1,3
Gráfico de dispersão,2024-09-07,2024-09-07,[],72,4,01 - Progetos\zData Analyst\Graficos\Gráfico de dispersão.md,2.609665427509294,0,3
Gráfico de inclinaçao,2024-09-29,2024-09-29,[],17,1,01 - Progetos\zData Analyst\Graficos\Gráfico de inclinaçao.md,2.0077041602465333,0,3
Gráfico de inclinação,2024-12-31,2024-09-10,['DataAnalyst'],105,4,01 - Progetos\zData Analyst\Graficos\Gráfico de inclinação.md,1.9776951672862453,1,3
Gráfico de linhas,2024-12-31,2024-09-10,['DataAnalyst'],29,2,01 - Progetos\zData Analyst\Graficos\Gráfico de linhas.md,2.580357142857143,1,3
Gráfico de Área,2024-09-11,2024-09-11,[],36,2,01 - Progetos\zData Analyst\Graficos\Gráfico de Área.md,2.3705357142857144,0,3
Gráficos de dispersão,2024-12-18,2024-12-18,['Gráfico'],112,4,01 - Progetos\zData Analyst\Graficos\Gráficos de dispersão.md,1.8773234200743494,1,3
Gráficos ruins,2024-12-17,2024-12-17,['Gráfico'],40,1,01 - Progetos\zData Analyst\Graficos\Gráficos ruins.md,1.5747303543913713,1,3
Histograma,2024-12-20,2024-12-18,['Gráfico'],92,7,01 - Progetos\zData Analyst\Graficos\Histograma.md,3.668711656441718,1,3
Linhas,2024-09-12,2024-09-07,['DataAnalyst'],13,2,01 - Progetos\zData Analyst\Graficos\Linhas.md,3.013392857142857,1,3
Mapa de calor,2024-09-07,2024-09-07,[],41,2,01 - Progetos\zData Analyst\Graficos\Mapa de calor.md,2.252232142857143,0,3
Matrizes de dispersão,2024-12-18,2024-12-18,['Conceito'],151,3,01 - Progetos\zData Analyst\Graficos\Matrizes de dispersão.md,1.1646706586826348,1,3
Pontos,2024-12-31,2024-09-07,['DataAnalyst'],11,1,01 - Progetos\zData Analyst\Graficos\Pontos.md,2.100154083204931,1,3
Princípios da Gestalt,2024-09-12,2024-09-12,[],44,8,01 - Progetos\zData Analyst\Graficos\Princípios da Gestalt.md,7.237037037037037,0,3
Proximidade,2024-09-12,2024-09-12,[],54,2,01 - Progetos\zData Analyst\Graficos\Proximidade.md,1.9352678571428572,0,3
Similaridade,2024-09-12,2024-09-12,[],36,2,01 - Progetos\zData Analyst\Graficos\Similaridade.md,2.3705357142857144,0,3
Sites,2024-09-30,2024-09-29,[],57,1,01 - Progetos\zData Analyst\Graficos\Sites.md,1.2989214175654853,0,3
Tabela,2024-12-31,2024-09-07,['DataAnalyst'],66,2,01 - Progetos\zData Analyst\Graficos\Tabela.md,1.6674107142857142,1,3
Texto simples,2024-09-07,2024-09-07,[],61,3,01 - Progetos\zData Analyst\Graficos\Texto simples.md,2.413173652694611,0,3
Uso de animação nos visuais apresentados,2024-09-26,2024-09-26,['DataAnalyst'],34,1,01 - Progetos\zData Analyst\Graficos\Uso de animação nos visuais apresentados.md,1.6810477657935285,1,3
Exemplo de postes,2024-12-06,2024-12-06,[],281,3,01 - Progetos\zData Analyst\Linkedln\Exemplo de postes.md,0.4820359281437126,0,3
linkedin,2024-09-04,2024-08-31,[],58,2,01 - Progetos\zData Analyst\Linkedln\linkedin.md,1.8660714285714286,0,3
Network,2024-09-21,2024-09-21,['Networking'],217,0,01 - Progetos\zData Analyst\Linkedln\Network.md,0.2162645218945487,1,3
perguntas,2024-10-16,,[],224,0,01 - Progetos\zData Analyst\Linkedln\perguntas.md,0.21000893655049152,0,3
Sem título,2024-10-16,,[],466,0,01 - Progetos\zData Analyst\Linkedln\Sem título.md,0.05361930294906166,0,3
Torne-se parceiro do contato,2024-09-18,2024-09-18,['Networking'],65,0,01 - Progetos\zData Analyst\Linkedln\Torne-se parceiro do contato.md,0.67828418230563,1,3
Big Data 2.0,2024-10-02,2024-10-02,['DataAnalyst'],51,2,01 - Progetos\zData Analyst\Livros\Big Data 2.0.md,1.9910714285714286,1,3
Big Data vx mineração de dados,2024-10-02,2024-10-02,['DataAnalyst'],49,2,01 - Progetos\zData Analyst\Livros\Big Data vx mineração de dados.md,2.0379464285714284,1,3
correlações,2024-10-04,,[],1544,0,01 - Progetos\zData Analyst\Livros\correlações.md,0.012511170688114389,0,3
Métodos Supervisionados vx Não Supervisionados,2024-10-07,2024-10-07,['DataAnalyst'],132,1,01 - Progetos\zData Analyst\Livros\Métodos Supervisionados vx Não Supervisionados.md,0.6795069337442219,1,3
Porque não é manual mas,2024-10-05,2024-10-05,['DataAnalyst'],110,1,01 - Progetos\zData Analyst\Livros\Porque não é manual mas.md,0.7904468412942989,1,3
Publico,2024-10-05,2024-10-05,['DataAnalyst'],25,1,01 - Progetos\zData Analyst\Livros\Publico.md,1.8428351309707243,1,3
Storytelling,2024-09-25,2024-09-24,['DataAnalyst'],370,6,01 - Progetos\zData Analyst\Livros\Storytelling.md,0.5,1,3
Táticas,2024-09-25,2024-09-25,[],167,9,01 - Progetos\zData Analyst\Livros\Táticas.md,2.991228070175439,0,3
Web 1.0 vx Web 2.0,2024-10-02,2024-10-02,['Programação'],72,2,01 - Progetos\zData Analyst\Livros\Web 1.0 vx Web 2.0.md,1.5669642857142858,1,3
Glossário (data science para negocios),2024-10-29,2024-10-28,['DataAnalyst'],358,46,01 - Progetos\zData Analyst\Palavras\Glossário (data science para negocios).md,17.0,1,3
Palavras,2024-10-22,2024-10-22,[],432,0,01 - Progetos\zData Analyst\Palavras\Palavras.md,0.05719392314566577,0,3
Perceptron e Aprendizado Supervisionado,2024-10-08,2024-10-08,['DataAnalyst'],667,0,01 - Progetos\zData Analyst\PLN\Perceptron e Aprendizado Supervisionado.md,0.025022341376228777,1,3
Problemas básicos,2024-10-04,2024-10-04,[],490,0,01 - Progetos\zData Analyst\PLN\Problemas básicos.md,0.041108132260947276,0,3
Problemas de Morfologia,2024-10-04,2024-10-04,['DataAnalyst'],1102,0,01 - Progetos\zData Analyst\PLN\Problemas de Morfologia.md,0.017873100983020553,1,3
REsumo,2024-10-01,2024-10-01,['DataAnalyst'],383,2,01 - Progetos\zData Analyst\PLN\REsumo.md,0.18526785714285715,1,3
Abstração,2024-08-10,2024-08-10,['Programação'],74,3,01 - Progetos\zData Analyst\Programação\Abstração.md,2.07185628742515,1,3
Atributos,2024-11-14,2024-08-10,['Programação'],58,8,01 - Progetos\zData Analyst\Programação\Atributos.md,6.192592592592592,1,3
Classes,2024-12-31,2024-08-10,['Programação'],104,5,01 - Progetos\zData Analyst\Programação\Classes.md,2.3552631578947367,1,3
Construtor,2024-10-13,2024-08-12,['Programação'],129,8,01 - Progetos\zData Analyst\Programação\Construtor.md,3.3703703703703702,1,3
Instância,2024-12-31,2024-08-10,['Programação'],64,3,01 - Progetos\zData Analyst\Programação\Instância.md,2.2994011976047903,1,3
Métodos,2024-08-16,2024-08-15,['Python'],19,4,01 - Progetos\zData Analyst\Programação\Métodos.md,4.728624535315985,1,3
Objetos,2024-08-10,2024-08-10,['Programação'],16,1,01 - Progetos\zData Analyst\Programação\Objetos.md,2.0338983050847457,1,3
Private,2024-08-13,2024-08-13,['Programação'],63,7,01 - Progetos\zData Analyst\Programação\Private.md,4.766871165644171,1,3
Programação Orientada a Objetos (POO),2024-12-31,2024-08-10,['Programação'],308,17,01 - Progetos\zData Analyst\Programação\Programação Orientada a Objetos (POO).md,2.7872340425531914,1,3
Análise de E-commerce,2024-10-27,,[],469,0,01 - Progetos\zData Analyst\projetos\Análise de E-commerce.md,0.05183199285075961,0,3
Atributo,2024-11-15,2024-11-14,['Conceito'],31,1,01 - Progetos\zData Analyst\Python\Atributo.md,1.7380585516178737,1,3
Composição p,2024-08-13,2024-08-13,['POO'],130,5,01 - Progetos\zData Analyst\Python\Composição p.md,1.9736842105263157,1,3
Instrução,2024-11-13,2024-11-13,['Conceito'],51,20,01 - Progetos\zData Analyst\Python\Instrução.md,29.733333333333334,1,3
Método,2024-11-13,2024-11-13,[],102,37,01 - Progetos\zData Analyst\Python\Método.md,67.75,0,3
Objetos são acessado por endereços,2024-08-12,2024-08-12,['Python'],148,2,01 - Progetos\zData Analyst\Python\Objetos são acessado por endereços.md,0.8861607142857143,1,3
Aula (10),2024-08-07,2024-08-06,[],107,0,01 - Progetos\zData Analyst\Python\Aulas\Curso em video\Aula (10).md,0.4700625558534406,0,5
Aula (100),2024-08-08,2024-08-06,[],275,0,01 - Progetos\zData Analyst\Python\Aulas\Curso em video\Aula (100).md,0.14655942806076855,0,5
Aula (101),2024-08-08,2024-08-06,[],212,0,01 - Progetos\zData Analyst\Python\Aulas\Curso em video\Aula (101).md,0.225201072386059,0,5
Aula (102),2024-08-08,2024-08-06,[],208,0,01 - Progetos\zData Analyst\Python\Aulas\Curso em video\Aula (102).md,0.23056300268096513,0,5
Aula (103),2024-08-08,2024-08-06,[],191,0,01 - Progetos\zData Analyst\Python\Aulas\Curso em video\Aula (103).md,0.258266309204647,0,5
Aula (104),2024-08-08,2024-08-06,[],179,1,01 - Progetos\zData Analyst\Python\Aulas\Curso em video\Aula (104).md,0.48073959938366717,0,5
Aula (105),2024-08-08,2024-08-06,[],292,0,01 - Progetos\zData Analyst\Python\Aulas\Curso em video\Aula (105).md,0.13404825737265416,0,5
Aula (106),2024-08-08,2024-08-06,[],233,1,01 - Progetos\zData Analyst\Python\Aulas\Curso em video\Aula (106).md,0.3389830508474576,0,5
Aula (11),2024-08-07,2024-08-06,[],46,1,01 - Progetos\zData Analyst\Python\Aulas\Curso em video\Aula (11).md,1.4714946070878274,0,5
Aula (12),2024-08-07,2024-08-06,[],81,0,01 - Progetos\zData Analyst\Python\Aulas\Curso em video\Aula (12).md,0.5880250223413762,0,5
Aula (13),2024-08-07,2024-08-06,[],68,0,01 - Progetos\zData Analyst\Python\Aulas\Curso em video\Aula (13).md,0.6550491510277033,0,5
Aula (14),2024-08-07,2024-08-06,[],61,0,01 - Progetos\zData Analyst\Python\Aulas\Curso em video\Aula (14).md,0.7202859696157283,0,5
Aula (15),2024-08-07,2024-08-06,[],183,0,01 - Progetos\zData Analyst\Python\Aulas\Curso em video\Aula (15).md,0.26988382484361034,0,5
Aula (16),2024-08-07,2024-08-06,[],108,0,01 - Progetos\zData Analyst\Python\Aulas\Curso em video\Aula (16).md,0.46559428060768543,0,5
Aula (17),2024-08-07,2024-08-06,[],92,0,01 - Progetos\zData Analyst\Python\Aulas\Curso em video\Aula (17).md,0.5344057193923145,0,5
Aula (18),2024-08-07,2024-08-06,[],132,0,01 - Progetos\zData Analyst\Python\Aulas\Curso em video\Aula (18).md,0.3941018766756032,0,5
Aula (19),2024-08-07,2024-08-06,[],128,0,01 - Progetos\zData Analyst\Python\Aulas\Curso em video\Aula (19).md,0.4092940125111707,0,5
Aula (20),2024-08-07,2024-08-06,[],119,0,01 - Progetos\zData Analyst\Python\Aulas\Curso em video\Aula (20).md,0.4289544235924933,0,5
Aula (21),2024-08-07,2024-08-06,[],172,0,01 - Progetos\zData Analyst\Python\Aulas\Curso em video\Aula (21).md,0.289544235924933,0,5
Aula (22),2024-08-07,2024-08-06,[],163,0,01 - Progetos\zData Analyst\Python\Aulas\Curso em video\Aula (22).md,0.3092046470062556,0,5
Aula (23),2024-08-07,2024-08-06,[],125,0,01 - Progetos\zData Analyst\Python\Aulas\Curso em video\Aula (23).md,0.4155495978552279,0,5
Aula (24),2024-08-07,2024-08-06,[],99,0,01 - Progetos\zData Analyst\Python\Aulas\Curso em video\Aula (24).md,0.4932975871313673,0,5
Aula (25),2024-08-07,2024-08-06,[],205,0,01 - Progetos\zData Analyst\Python\Aulas\Curso em video\Aula (25).md,0.23681858802502234,0,5
Aula (26),2024-08-07,2024-08-06,[],195,0,01 - Progetos\zData Analyst\Python\Aulas\Curso em video\Aula (26).md,0.2537980339588919,0,5
Aula (27),2024-08-07,2024-08-06,[],192,0,01 - Progetos\zData Analyst\Python\Aulas\Curso em video\Aula (27).md,0.2555853440571939,0,5
Aula (28),2024-08-06,2024-08-06,[],7,0,01 - Progetos\zData Analyst\Python\Aulas\Curso em video\Aula (28).md,1.2412868632707774,0,5
Aula (29),2024-08-07,2024-08-06,[],203,0,01 - Progetos\zData Analyst\Python\Aulas\Curso em video\Aula (29).md,0.24307417336907952,0,5
Aula (30),2024-12-31,2024-08-06,['Programação'],108,0,01 - Progetos\zData Analyst\Python\Aulas\Curso em video\Aula (30).md,0.46559428060768543,1,5
Aula (31),2024-08-07,2024-08-06,[],153,0,01 - Progetos\zData Analyst\Python\Aulas\Curso em video\Aula (31).md,0.34048257372654156,0,5
Aula (32),2024-08-07,2024-08-06,[],176,0,01 - Progetos\zData Analyst\Python\Aulas\Curso em video\Aula (32).md,0.28596961572832885,0,5
Aula (33),2024-08-07,2024-08-06,[],238,0,01 - Progetos\zData Analyst\Python\Aulas\Curso em video\Aula (33).md,0.1876675603217158,0,5
Aula (34),2024-08-07,2024-08-06,[],200,0,01 - Progetos\zData Analyst\Python\Aulas\Curso em video\Aula (34).md,0.24664879356568364,0,5
Aula (35),2024-08-07,2024-08-06,[],171,0,01 - Progetos\zData Analyst\Python\Aulas\Curso em video\Aula (35).md,0.29222520107238603,0,5
Aula (36),2024-08-07,2024-08-06,[],306,0,01 - Progetos\zData Analyst\Python\Aulas\Curso em video\Aula (36).md,0.12153708668453976,0,5
Aula (37),2024-08-07,2024-08-06,[],288,0,01 - Progetos\zData Analyst\Python\Aulas\Curso em video\Aula (37).md,0.13941018766756033,0,5
Aula (38),2024-08-07,2024-08-06,[],177,0,01 - Progetos\zData Analyst\Python\Aulas\Curso em video\Aula (38).md,0.28418230563002683,0,5
Aula (39),2024-08-07,2024-08-06,[],152,0,01 - Progetos\zData Analyst\Python\Aulas\Curso em video\Aula (39).md,0.34405719392314565,0,5
Aula (40),2024-08-07,2024-08-06,[],230,0,01 - Progetos\zData Analyst\Python\Aulas\Curso em video\Aula (40).md,0.19928507596067918,0,5
Aula (41),2024-08-07,2024-08-06,[],123,0,01 - Progetos\zData Analyst\Python\Aulas\Curso em video\Aula (41).md,0.41823056300268097,0,5
Aula (42),2024-08-06,2024-08-06,[],7,0,01 - Progetos\zData Analyst\Python\Aulas\Curso em video\Aula (42).md,1.2412868632707774,0,5
Aula (43),2024-08-07,2024-08-06,[],213,0,01 - Progetos\zData Analyst\Python\Aulas\Curso em video\Aula (43).md,0.21983914209115282,0,5
Aula (44),2024-08-07,2024-08-06,[],256,0,01 - Progetos\zData Analyst\Python\Aulas\Curso em video\Aula (44).md,0.16979445933869527,0,5
Aula (45),2024-08-07,2024-08-06,[],229,0,01 - Progetos\zData Analyst\Python\Aulas\Curso em video\Aula (45).md,0.20196604110813227,0,5
Aula (46),2024-08-07,2024-08-06,[],143,0,01 - Progetos\zData Analyst\Python\Aulas\Curso em video\Aula (46).md,0.3672922252010724,0,5
Aula (47),2024-08-07,2024-08-06,[],156,0,01 - Progetos\zData Analyst\Python\Aulas\Curso em video\Aula (47).md,0.3315460232350313,0,5
Aula (48),2024-08-07,2024-08-06,[],181,0,01 - Progetos\zData Analyst\Python\Aulas\Curso em video\Aula (48).md,0.2734584450402145,0,5
Aula (49),2024-08-07,2024-08-06,[],139,0,01 - Progetos\zData Analyst\Python\Aulas\Curso em video\Aula (49).md,0.3753351206434316,0,5
Aula (5),2024-08-06,2024-08-06,[],170,0,01 - Progetos\zData Analyst\Python\Aulas\Curso em video\Aula (5).md,0.2966934763181412,0,5
Aula (50),2024-08-07,2024-08-06,[],138,0,01 - Progetos\zData Analyst\Python\Aulas\Curso em video\Aula (50).md,0.3780160857908847,0,5
Aula (51),2024-08-07,2024-08-06,[],191,0,01 - Progetos\zData Analyst\Python\Aulas\Curso em video\Aula (51).md,0.258266309204647,0,5
Aula (52),2024-08-07,2024-08-06,[],157,0,01 - Progetos\zData Analyst\Python\Aulas\Curso em video\Aula (52).md,0.32797140303842715,0,5
Aula (53),2024-08-07,2024-08-06,[],110,0,01 - Progetos\zData Analyst\Python\Aulas\Curso em video\Aula (53).md,0.4584450402144772,0,5
Aula (54),2024-08-07,2024-08-06,[],241,0,01 - Progetos\zData Analyst\Python\Aulas\Curso em video\Aula (54).md,0.1840929401251117,0,5
Aula (55),2024-08-07,2024-08-06,[],205,0,01 - Progetos\zData Analyst\Python\Aulas\Curso em video\Aula (55).md,0.23681858802502234,0,5
Aula (56),2024-08-07,2024-08-06,[],403,0,01 - Progetos\zData Analyst\Python\Aulas\Curso em video\Aula (56).md,0.0679177837354781,0,5
Aula (57),2024-08-07,2024-08-06,[],76,0,01 - Progetos\zData Analyst\Python\Aulas\Curso em video\Aula (57).md,0.6085790884718498,0,5
Aula (58),2024-08-07,2024-08-06,[],317,0,01 - Progetos\zData Analyst\Python\Aulas\Curso em video\Aula (58).md,0.11438784629133154,0,5
Aula (59),2024-08-07,2024-08-06,[],482,0,01 - Progetos\zData Analyst\Python\Aulas\Curso em video\Aula (59).md,0.044682752457551385,0,5
Aula (6),2024-08-07,2024-08-06,[],159,0,01 - Progetos\zData Analyst\Python\Aulas\Curso em video\Aula (6).md,0.322609472743521,0,5
Aula (60),2024-08-07,2024-08-06,[],213,0,01 - Progetos\zData Analyst\Python\Aulas\Curso em video\Aula (60).md,0.21983914209115282,0,5
Aula (61),2024-08-07,2024-08-06,[],151,0,01 - Progetos\zData Analyst\Python\Aulas\Curso em video\Aula (61).md,0.34763181411974975,0,5
Aula (62),2024-08-07,2024-08-06,[],260,0,01 - Progetos\zData Analyst\Python\Aulas\Curso em video\Aula (62).md,0.1581769436997319,0,5
Aula (63),2024-08-07,2024-08-06,[],380,0,01 - Progetos\zData Analyst\Python\Aulas\Curso em video\Aula (63).md,0.08132260947274352,0,5
Aula (64),2024-08-07,2024-08-06,[],169,0,01 - Progetos\zData Analyst\Python\Aulas\Curso em video\Aula (64).md,0.30116175156389635,0,5
Aula (65),2024-08-07,2024-08-06,[],380,0,01 - Progetos\zData Analyst\Python\Aulas\Curso em video\Aula (65).md,0.08132260947274352,0,5
Aula (66),2024-08-07,2024-08-06,[],154,0,01 - Progetos\zData Analyst\Python\Aulas\Curso em video\Aula (66).md,0.3360142984807864,0,5
Aula (67),2024-08-07,2024-08-06,[],260,0,01 - Progetos\zData Analyst\Python\Aulas\Curso em video\Aula (67).md,0.1581769436997319,0,5
Aula (68),2024-08-07,2024-08-06,[],333,0,01 - Progetos\zData Analyst\Python\Aulas\Curso em video\Aula (68).md,0.10545129579982127,0,5
Aula (69),2024-08-07,2024-08-06,[],396,0,01 - Progetos\zData Analyst\Python\Aulas\Curso em video\Aula (69).md,0.07149240393208221,0,5
Aula (7),2024-08-07,2024-08-06,[],115,0,01 - Progetos\zData Analyst\Python\Aulas\Curso em video\Aula (7).md,0.44057193923145666,0,5
Aula (70),2024-08-08,2024-08-06,[],327,0,01 - Progetos\zData Analyst\Python\Aulas\Curso em video\Aula (70).md,0.10723860589812333,0,5
Aula (71),2024-08-08,2024-08-06,[],253,0,01 - Progetos\zData Analyst\Python\Aulas\Curso em video\Aula (71).md,0.17158176943699732,0,5
Aula (72),2024-08-08,2024-08-06,[],235,0,01 - Progetos\zData Analyst\Python\Aulas\Curso em video\Aula (72).md,0.19302949061662197,0,5
Aula (73),2024-08-08,2024-08-06,[],225,0,01 - Progetos\zData Analyst\Python\Aulas\Curso em video\Aula (73).md,0.20732797140303844,0,5
Aula (74),2024-08-08,2024-08-06,[],161,0,01 - Progetos\zData Analyst\Python\Aulas\Curso em video\Aula (74).md,0.3163538873994638,0,5
Aula (75),2024-08-08,2024-08-06,[],226,0,01 - Progetos\zData Analyst\Python\Aulas\Curso em video\Aula (75).md,0.20554066130473636,0,5
Aula (76),2024-08-08,2024-08-06,[],242,0,01 - Progetos\zData Analyst\Python\Aulas\Curso em video\Aula (76).md,0.1805183199285076,0,5
Aula (77),2024-08-08,2024-08-06,[],224,0,01 - Progetos\zData Analyst\Python\Aulas\Curso em video\Aula (77).md,0.21000893655049152,0,5
Aula (78),2024-08-08,2024-08-06,[],340,0,01 - Progetos\zData Analyst\Python\Aulas\Curso em video\Aula (78).md,0.10187667560321716,0,5
Aula (79),2024-08-08,2024-08-06,[],400,0,01 - Progetos\zData Analyst\Python\Aulas\Curso em video\Aula (79).md,0.06970509383378017,0,5
Aula (8),2024-08-07,2024-08-06,[],259,0,01 - Progetos\zData Analyst\Python\Aulas\Curso em video\Aula (8).md,0.16264521894548703,0,5
Aula (80),2024-08-08,2024-08-06,[],300,0,01 - Progetos\zData Analyst\Python\Aulas\Curso em video\Aula (80).md,0.12332439678284182,0,5
Aula (81),2024-08-08,2024-08-06,[],213,0,01 - Progetos\zData Analyst\Python\Aulas\Curso em video\Aula (81).md,0.21983914209115282,0,5
Aula (82),2024-08-08,2024-08-06,[],259,0,01 - Progetos\zData Analyst\Python\Aulas\Curso em video\Aula (82).md,0.16264521894548703,0,5
Aula (83),2024-08-08,2024-08-06,[],152,0,01 - Progetos\zData Analyst\Python\Aulas\Curso em video\Aula (83).md,0.34405719392314565,0,5
Aula (84),2024-08-08,2024-08-06,[],406,0,01 - Progetos\zData Analyst\Python\Aulas\Curso em video\Aula (84).md,0.06523681858802502,0,5
Aula (85),2024-08-08,2024-08-06,[],218,1,01 - Progetos\zData Analyst\Python\Aulas\Curso em video\Aula (85).md,0.3697996918335901,0,5
Aula (86),2024-08-08,2024-08-06,[],252,1,01 - Progetos\zData Analyst\Python\Aulas\Curso em video\Aula (86).md,0.300462249614792,0,5
Aula (87),2024-08-08,2024-08-06,[],423,0,01 - Progetos\zData Analyst\Python\Aulas\Curso em video\Aula (87).md,0.058981233243967826,0,5
Aula (88),2024-08-08,2024-08-06,[],483,0,01 - Progetos\zData Analyst\Python\Aulas\Curso em video\Aula (88).md,0.04289544235924933,0,5
Aula (89),2024-08-08,2024-08-06,[],354,0,01 - Progetos\zData Analyst\Python\Aulas\Curso em video\Aula (89).md,0.09472743521000894,0,5
Aula (9),2024-08-07,2024-08-06,[],95,0,01 - Progetos\zData Analyst\Python\Aulas\Curso em video\Aula (9).md,0.5120643431635389,0,5
Aula (90),2024-08-08,2024-08-06,[],159,0,01 - Progetos\zData Analyst\Python\Aulas\Curso em video\Aula (90).md,0.322609472743521,0,5
Aula (91),2024-08-08,2024-08-06,[],293,0,01 - Progetos\zData Analyst\Python\Aulas\Curso em video\Aula (91).md,0.1322609472743521,0,5
Aula (92),2024-08-08,2024-08-06,[],198,0,01 - Progetos\zData Analyst\Python\Aulas\Curso em video\Aula (92).md,0.24932975871313673,0,5
Aula (93),2024-08-08,2024-08-06,[],418,0,01 - Progetos\zData Analyst\Python\Aulas\Curso em video\Aula (93).md,0.06255585344057193,0,5
Aula (94),2024-08-08,2024-08-06,[],345,0,01 - Progetos\zData Analyst\Python\Aulas\Curso em video\Aula (94).md,0.09830205540661305,0,5
Aula (95),2024-08-08,2024-08-06,[],476,0,01 - Progetos\zData Analyst\Python\Aulas\Curso em video\Aula (95).md,0.04825737265415549,0,5
Aula (96),2024-08-08,2024-08-06,[],153,0,01 - Progetos\zData Analyst\Python\Aulas\Curso em video\Aula (96).md,0.34048257372654156,0,5
Aula (97),2024-08-08,2024-08-06,[],99,0,01 - Progetos\zData Analyst\Python\Aulas\Curso em video\Aula (97).md,0.4932975871313673,0,5
Aula (98),2024-08-08,2024-08-06,[],382,0,01 - Progetos\zData Analyst\Python\Aulas\Curso em video\Aula (98).md,0.07685433422698838,0,5
Aula (99),2024-08-08,2024-08-06,[],297,0,01 - Progetos\zData Analyst\Python\Aulas\Curso em video\Aula (99).md,0.128686327077748,0,5
Python Code for Finding the Successor of an Integer,2024-08-09,2024-08-06,[],170,0,01 - Progetos\zData Analyst\Python\Aulas\Curso em video\Python Code for Finding the Successor of an Integer.md,0.2966934763181412,0,5
",get",2024-11-13,2024-11-13,['Python'],94,0,"01 - Progetos\zData Analyst\Python\Comandos\,get.md",0.5201072386058981,1,4
@atributo.setters e getters,2024-08-16,2024-08-15,['POO'],148,2,01 - Progetos\zData Analyst\Python\Comandos\@atributo.setters e getters.md,0.8861607142857143,1,4
@property,2024-08-15,2024-08-15,['Python'],122,4,01 - Progetos\zData Analyst\Python\Comandos\@property.md,1.7509293680297398,1,4
Argumento,2024-11-16,2024-11-15,['Conceito'],19,2,01 - Progetos\zData Analyst\Python\Comandos\Argumento.md,2.8392857142857144,1,4
Decorador,2024-08-16,2024-08-15,['Python'],14,2,01 - Progetos\zData Analyst\Python\Comandos\Decorador.md,2.9955357142857144,1,4
Função,2024-11-15,2024-11-14,['Comando'],15,3,01 - Progetos\zData Analyst\Python\Comandos\Função.md,3.9880239520958085,1,4
Parâmetro,2024-11-16,2024-11-15,['Conceito'],47,2,01 - Progetos\zData Analyst\Python\Comandos\Parâmetro.md,2.095982142857143,1,4
pptint(),2024-08-26,2024-08-26,['Programação'],41,0,01 - Progetos\zData Analyst\Python\Comandos\pptint().md,0.9016979445933869,1,4
Private em python,2024-08-13,2024-08-13,['Python'],146,0,01 - Progetos\zData Analyst\Python\Comandos\Private em python.md,0.3610366398570152,1,4
__dict__,2024-08-13,2024-08-13,['Python'],101,4,01 - Progetos\zData Analyst\Python\Comandos\__dict__.md,2.033457249070632,1,4
to int,2024-12-26,2024-12-26,['Conceito'],55,6,01 - Progetos\zData Analyst\Python\Conceitos\to int.md,4.357142857142857,1,4
",'hist'",2024-12-20,2024-12-20,[],69,3,"01 - Progetos\zData Analyst\Python\Matplotlib\Comandos\,'hist'.md",2.1676646706586826,0,5
",bar",2024-12-29,2024-12-29,['Comando'],117,0,"01 - Progetos\zData Analyst\Python\Matplotlib\Comandos\,bar.md",0.4352100089365505,1,5
",legend",2024-12-18,2024-12-18,['Comando'],43,1,"01 - Progetos\zData Analyst\Python\Matplotlib\Comandos\,legend.md",1.5208012326656395,1,5
",plot",2024-12-17,2024-12-14,['Gráfico'],97,8,"01 - Progetos\zData Analyst\Python\Matplotlib\Comandos\,plot.md",4.155555555555556,1,5
",scatter_matrix",2024-12-20,2024-12-20,['Comando'],93,1,"01 - Progetos\zData Analyst\Python\Matplotlib\Comandos\,scatter_matrix.md",0.9075500770416025,1,5
",show",2024-12-14,2024-12-14,['Gráfico'],17,0,"01 - Progetos\zData Analyst\Python\Matplotlib\Comandos\,show.md",1.1644325290437891,1,5
",title=",2024-12-17,2024-12-14,['Gráfico'],24,1,"01 - Progetos\zData Analyst\Python\Matplotlib\Comandos\,title=.md",1.8644067796610169,1,5
",xlabel= or ,ylabel=",2024-12-17,2024-12-14,['Gráfico'],38,1,"01 - Progetos\zData Analyst\Python\Matplotlib\Comandos\,xlabel= or ,ylabel=.md",1.6101694915254237,1,5
",xlim= e ,ylim=",2024-12-17,2024-12-14,['Gráfico'],61,1,"01 - Progetos\zData Analyst\Python\Matplotlib\Comandos\,xlim= e ,ylim=.md",1.2419106317411401,1,5
alpha=,2024-12-17,2024-12-17,['Comando'],30,1,01 - Progetos\zData Analyst\Python\Matplotlib\Comandos\alpha=.md,1.761171032357473,1,5
bind=,2024-12-20,2024-12-20,['Comando'],6,0,01 - Progetos\zData Analyst\Python\Matplotlib\Comandos\bind=.md,1.2466487935656836,1,5
figsize=,2024-12-17,2024-12-14,['Gráfico'],64,1,01 - Progetos\zData Analyst\Python\Matplotlib\Comandos\figsize=.md,1.1833590138674885,1,5
grid=,2024-12-14,2024-12-14,['Gráfico'],15,0,01 - Progetos\zData Analyst\Python\Matplotlib\Comandos\grid=.md,1.1903485254691688,1,5
kind=,2024-12-17,2024-12-17,['Gráfico'],144,9,01 - Progetos\zData Analyst\Python\Matplotlib\Comandos\kind=.md,3.5789473684210527,1,5
legend=,2024-12-17,2024-12-14,['Gráfico'],78,2,01 - Progetos\zData Analyst\Python\Matplotlib\Comandos\legend=.md,1.5,1,5
Marcador,2024-12-18,2024-12-14,['Gráfico'],549,1,01 - Progetos\zData Analyst\Python\Matplotlib\Comandos\Marcador.md,0.05546995377503852,1,5
rot=,2024-12-18,2024-12-18,[],36,1,01 - Progetos\zData Analyst\Python\Matplotlib\Comandos\rot=.md,1.6363636363636365,0,5
savefig(),2024-12-14,2024-12-14,['Gráfico'],9,0,01 - Progetos\zData Analyst\Python\Matplotlib\Comandos\savefig().md,1.2332439678284182,1,5
x= e y=,2024-12-17,2024-12-14,['Gráfico'],51,0,01 - Progetos\zData Analyst\Python\Matplotlib\Comandos\x= e y=.md,0.7971403038427167,1,5
array.shape,2024-08-19,2024-08-19,[],43,0,01 - Progetos\zData Analyst\Python\Nympy\array.shape.md,0.8820375335120644,0,4
",array_equal",2024-12-21,2024-12-21,['Comando'],68,0,"01 - Progetos\zData Analyst\Python\Nympy\Sem título\,array_equal.md",0.6550491510277033,1,5
Comandos,2024-08-21,2024-08-19,['Programação'],236,0,01 - Progetos\zData Analyst\Python\Nympy\Sem título\Comandos.md,0.19124218051831993,1,5
01,2024-12-09,2024-12-08,[],406,0,01 - Progetos\zData Analyst\Python\Pandas\01.md,0.06523681858802502,0,4
Agrupamento,2024-11-24,2024-11-24,['Conceito'],11,1,01 - Progetos\zData Analyst\Python\Pandas\Agrupamento.md,2.100154083204931,1,4
DataFrame X Series,2024-12-10,2024-12-10,['Conceito'],34,1,01 - Progetos\zData Analyst\Python\Pandas\DataFrame X Series.md,1.6810477657935285,1,4
DataFrame,2024-11-20,2024-08-21,['Projetos'],287,0,01 - Progetos\zData Analyst\Python\Pandas\DataFrame.md,0.14119749776586238,1,4
Duplicatas,2024-11-24,2024-11-24,[],83,9,01 - Progetos\zData Analyst\Python\Pandas\Duplicatas.md,5.701754385964913,0,4
Filtragem condicional,2024-11-22,2024-11-22,[],61,1,01 - Progetos\zData Analyst\Python\Pandas\Filtragem condicional.md,1.2419106317411401,0,4
Indexação Booleana,2024-11-22,2024-11-18,['Pandas'],102,2,01 - Progetos\zData Analyst\Python\Pandas\Indexação Booleana.md,1.2098214285714286,1,4
Máscara booleana,2024-11-22,2024-11-22,['Conceito'],264,16,01 - Progetos\zData Analyst\Python\Pandas\Máscara booleana.md,3.2222222222222223,1,4
NaN nulo,2024-12-21,2024-12-21,[],19,0,01 - Progetos\zData Analyst\Python\Pandas\NaN nulo.md,1.1367292225201073,0,4
Ordenar,2024-11-24,2024-11-24,['Conceito'],48,1,01 - Progetos\zData Analyst\Python\Pandas\Ordenar.md,1.4268104776579353,1,4
Pré-processamento de dados,2024-11-24,2024-11-20,['Conceito'],76,3,01 - Progetos\zData Analyst\Python\Pandas\Pré-processamento de dados.md,2.038922155688623,1,4
Split Apply Combine,2024-12-28,2024-12-28,['Conceito'],19,1,01 - Progetos\zData Analyst\Python\Pandas\Split Apply Combine.md,1.9599383667180277,1,4
types,2024-11-14,2024-11-14,['Comando'],95,4,01 - Progetos\zData Analyst\Python\Pandas\types.md,2.130111524163569,1,4
Valores ausentes,2024-12-06,2024-11-20,['Conceito'],69,3,01 - Progetos\zData Analyst\Python\Pandas\Valores ausentes.md,2.1676646706586826,1,4
Window functions,2024-12-26,,[],0,0,01 - Progetos\zData Analyst\Python\Pandas\Window functions.md,1.2841823056300268,0,4
",agg",2024-12-28,2024-12-28,['Conceito'],94,1,"01 - Progetos\zData Analyst\Python\Pandas\Comandos\,agg.md",0.8967642526964561,1,5
",apply",2024-12-28,2024-12-27,['Comando'],140,3,"01 - Progetos\zData Analyst\Python\Pandas\Comandos\,apply.md",1.251497005988024,1,5
",astype",2024-12-22,2024-12-21,['Comando'],70,0,"01 - Progetos\zData Analyst\Python\Pandas\Comandos\,astype.md",0.6407506702412868,1,5
",columns",2024-12-28,2024-12-28,['Comando'],51,0,"01 - Progetos\zData Analyst\Python\Pandas\Comandos\,columns.md",0.7971403038427167,1,5
",concat",2024-12-28,2024-12-28,[],80,1,"01 - Progetos\zData Analyst\Python\Pandas\Comandos\,concat.md",1.0200308166409862,0,5
",corr",2024-12-18,2024-12-18,['Comando'],69,0,"01 - Progetos\zData Analyst\Python\Pandas\Comandos\,corr.md",0.6470062555853441,1,5
",describe",2024-12-05,2024-12-05,[],80,2,"01 - Progetos\zData Analyst\Python\Pandas\Comandos\,describe.md",1.4776785714285714,0,5
",drop",2024-12-29,2024-12-29,[],117,0,"01 - Progetos\zData Analyst\Python\Pandas\Comandos\,drop.md",0.4352100089365505,0,5
",dropna",2024-11-22,2024-11-21,['Comando'],85,5,"01 - Progetos\zData Analyst\Python\Pandas\Comandos\,dropna.md",2.807017543859649,1,5
",drop_duplicates",2024-11-25,2024-11-24,['Comando'],52,1,"01 - Progetos\zData Analyst\Python\Pandas\Comandos\,drop_duplicates.md",1.357473035439137,1,5
",dt",2024-12-27,2024-12-27,['Comando'],113,1,"01 - Progetos\zData Analyst\Python\Pandas\Comandos\,dt.md",0.773497688751926,1,5
",dtypes",2024-12-22,2024-12-21,['Comando'],50,0,"01 - Progetos\zData Analyst\Python\Pandas\Comandos\,dtypes.md",0.806970509383378,1,5
",duplicated",2024-12-06,2024-11-22,['Comando'],45,0,"01 - Progetos\zData Analyst\Python\Pandas\Comandos\,duplicated.md",0.8659517426273459,1,5
",fillna",2024-12-14,2024-11-20,['Comando'],32,1,"01 - Progetos\zData Analyst\Python\Pandas\Comandos\,fillna.md",1.7257318952234206,1,5
",groupby",2024-11-24,2024-11-24,['Comando'],63,3,"01 - Progetos\zData Analyst\Python\Pandas\Comandos\,groupby.md",2.3263473053892216,1,5
",head",2024-11-22,2024-11-22,['Comando'],15,1,"01 - Progetos\zData Analyst\Python\Pandas\Comandos\,head.md",2.052388289676425,1,5
",iloc",2024-12-13,2024-12-13,['Comando'],184,0,"01 - Progetos\zData Analyst\Python\Pandas\Comandos\,iloc.md",0.2680965147453083,1,5
",index",2024-12-22,2024-12-12,['Comando'],73,0,"01 - Progetos\zData Analyst\Python\Pandas\Comandos\,index.md",0.6219839142091153,1,5
",info",2024-11-21,2024-11-14,['Comando'],88,3,"01 - Progetos\zData Analyst\Python\Pandas\Comandos\,info.md",1.8652694610778444,1,5
",isin",2024-12-13,2024-12-13,[],66,0,"01 - Progetos\zData Analyst\Python\Pandas\Comandos\,isin.md",0.6675603217158177,0,5
",isna ou isnull",2024-11-21,2024-11-20,['Comando'],79,1,"01 - Progetos\zData Analyst\Python\Pandas\Comandos\,isna ou isnull.md",1.0277349768875192,1,5
",loc",2024-11-18,2024-11-14,['Comando'],273,3,"01 - Progetos\zData Analyst\Python\Pandas\Comandos\,loc.md",0.49700598802395207,1,5
",merge",2024-12-29,2024-12-28,['Comando'],86,0,"01 - Progetos\zData Analyst\Python\Pandas\Comandos\,merge.md",0.5665773011617515,1,5
",nan",2024-12-27,,[],0,0,"01 - Progetos\zData Analyst\Python\Pandas\Comandos\,nan.md",1.2841823056300268,0,5
",nunique",2024-11-23,2024-11-23,['Comando'],41,1,"01 - Progetos\zData Analyst\Python\Pandas\Comandos\,nunique.md",1.5546995377503852,1,5
",pivot_table",2024-12-28,2024-12-28,['Conceito'],141,0,"01 - Progetos\zData Analyst\Python\Pandas\Comandos\,pivot_table.md",0.3717605004468275,1,5
",query",2024-12-13,2024-12-13,[],55,0,"01 - Progetos\zData Analyst\Python\Pandas\Comandos\,query.md",0.7631814119749777,0,5
",read_csv",2024-12-05,2024-11-29,['Comando'],117,3,"01 - Progetos\zData Analyst\Python\Pandas\Comandos\,read_csv.md",1.4580838323353293,1,5
",read_excel",2024-11-29,2024-11-29,['Comando'],36,1,"01 - Progetos\zData Analyst\Python\Pandas\Comandos\,read_excel.md",1.6363636363636365,1,5
",rename",2024-11-25,2024-11-25,['Comando'],68,1,"01 - Progetos\zData Analyst\Python\Pandas\Comandos\,rename.md",1.1294298921417565,1,5
",reset_index",2024-11-24,2024-11-24,['Comando'],65,0,"01 - Progetos\zData Analyst\Python\Pandas\Comandos\,reset_index.md",0.67828418230563,1,5
",sample",2024-11-30,2024-11-30,['Comando'],33,1,"01 - Progetos\zData Analyst\Python\Pandas\Comandos\,sample.md",1.7072419106317411,1,5
",Series",2024-12-12,2024-12-12,['Comando'],30,0,"01 - Progetos\zData Analyst\Python\Pandas\Comandos\,Series.md",1.0214477211796247,1,5
",set_index",2024-12-13,2024-12-13,['Comando'],6,0,"01 - Progetos\zData Analyst\Python\Pandas\Comandos\,set_index.md",1.2466487935656836,1,5
",shape",2024-11-14,2024-11-14,['Comando'],14,0,"01 - Progetos\zData Analyst\Python\Pandas\Comandos\,shape.md",1.1992850759606792,1,5
",sort_index",2024-12-05,2024-12-05,['Comando'],47,0,"01 - Progetos\zData Analyst\Python\Pandas\Comandos\,sort_index.md",0.839142091152815,1,5
",sort_values",2024-11-24,2024-11-24,['Conceito'],75,1,"01 - Progetos\zData Analyst\Python\Pandas\Comandos\,sort_values.md",1.0585516178736518,1,5
",tail",2024-11-29,2024-11-29,[],26,0,"01 - Progetos\zData Analyst\Python\Pandas\Comandos\,tail.md",1.0589812332439679,0,5
",to_datetime",2024-12-27,2024-12-26,['Comando'],270,0,"01 - Progetos\zData Analyst\Python\Pandas\Comandos\,to_datetime.md",0.15102770330652368,1,5
",to_numeric",2024-12-22,2024-12-21,['Comando'],67,0,"01 - Progetos\zData Analyst\Python\Pandas\Comandos\,to_numeric.md",0.6613047363717605,1,5
",tz_convert() e ,tz_localize()",2024-12-27,2024-12-27,['Comando'],212,0,"01 - Progetos\zData Analyst\Python\Pandas\Comandos\,tz_convert() e ,tz_localize().md",0.225201072386059,1,5
",unique",2024-12-13,2024-11-23,['Comando'],32,2,"01 - Progetos\zData Analyst\Python\Pandas\Comandos\,unique.md",2.5,1,5
",value_count or nunique or duplicates",2024-12-14,,[],0,1,"01 - Progetos\zData Analyst\Python\Pandas\Comandos\,value_count or nunique or duplicates.md",2.214175654853621,0,5
",value_counts",2024-12-22,2024-12-22,['Comando'],40,0,"01 - Progetos\zData Analyst\Python\Pandas\Comandos\,value_counts.md",0.9133154602323503,1,5
",where",2024-12-14,2024-12-14,[],65,0,"01 - Progetos\zData Analyst\Python\Pandas\Comandos\,where.md",0.67828418230563,0,5
axis=,2024-11-22,2024-11-22,[],383,18,01 - Progetos\zData Analyst\Python\Pandas\Comandos\axis=.md,2.1842105263157894,0,5
Comandos,2024-11-20,2024-08-21,['Programação'],1186,12,01 - Progetos\zData Analyst\Python\Pandas\Comandos\Comandos.md,0.2465753424657534,1,5
filtragem simples,2024-12-14,2024-12-14,[],34,0,01 - Progetos\zData Analyst\Python\Pandas\Comandos\filtragem simples.md,0.9749776586237712,0,5
index=,2024-12-13,2024-12-13,['Comando'],74,0,01 - Progetos\zData Analyst\Python\Pandas\Comandos\index=.md,0.6184092940125112,1,5
inplace=,2024-11-22,2024-11-21,['Comando'],299,25,01 - Progetos\zData Analyst\Python\Pandas\Comandos\inplace=.md,10.76923076923077,1,5
Normalizar nomes de colunas,2024-11-20,2024-11-20,['Comando'],35,1,01 - Progetos\zData Analyst\Python\Pandas\Comandos\Normalizar nomes de colunas.md,1.657935285053929,1,5
Sem título,2024-12-27,,[],0,0,01 - Progetos\zData Analyst\Python\Pandas\Comandos\Sem título.md,1.2841823056300268,0,5
subset=,2024-11-22,2024-11-22,[],87,4,01 - Progetos\zData Analyst\Python\Pandas\Comandos\subset=.md,2.3345724907063197,0,5
~,2024-12-05,2024-12-05,[],24,0,01 - Progetos\zData Analyst\Python\Pandas\Comandos\~.md,1.0813226094727435,0,5
Análise de dados,2024-12-31,2024-09-04,['DataAnalyst'],93,7,01 - Progetos\zData Analyst\Roadmap\Análise de dados.md,3.6134969325153374,1,3
Análise descritiva ou exploratória,2024-12-31,2024-09-04,['DataAnalyst'],92,2,01 - Progetos\zData Analyst\Roadmap\Análise descritiva ou exploratória.md,1.3348214285714286,1,3
Análise diagnóstica,2024-12-31,2024-09-04,['DataAnalyst'],31,2,01 - Progetos\zData Analyst\Roadmap\Análise diagnóstica.md,2.517857142857143,1,3
Análise Estatística,2024-09-04,2024-08-25,['DataAnalyst'],45,5,01 - Progetos\zData Analyst\Roadmap\Análise Estatística.md,4.25,1,3
Análise Explanatória,2024-12-31,2024-09-05,['DataAnalyst'],55,5,01 - Progetos\zData Analyst\Roadmap\Análise Explanatória.md,3.745614035087719,1,3
Análise preditiva,2024-12-31,2024-09-04,['DataAnalyst'],119,7,01 - Progetos\zData Analyst\Roadmap\Análise preditiva.md,2.9447852760736195,1,3
Análise prescritiva,2024-12-31,2024-09-04,['DataAnalyst'],28,2,01 - Progetos\zData Analyst\Roadmap\Análise prescritiva.md,2.6026785714285716,1,3
Aprendizado de máquina,2024-08-25,2024-08-25,['DataAnalyst'],35,1,01 - Progetos\zData Analyst\Roadmap\Aprendizado de máquina.md,1.657935285053929,1,3
Coleta de dados,2024-08-25,2024-08-25,['DataAnalyst'],30,1,01 - Progetos\zData Analyst\Roadmap\Coleta de dados.md,1.761171032357473,1,3
Conceitos-chave de dados,2024-10-28,2024-08-25,['DataAnalyst'],22,6,01 - Progetos\zData Analyst\Roadmap\Conceitos-chave de dados.md,6.295918367346939,1,3
Estatística Descritiva,2024-09-03,2024-09-03,['DataAnalyst'],78,11,01 - Progetos\zData Analyst\Roadmap\Estatística Descritiva.md,8.4,1,3
Excel,2024-09-05,2024-08-25,['DataAnalyst'],59,3,01 - Progetos\zData Analyst\Roadmap\Excel.md,2.470059880239521,1,3
Exploração,2024-08-25,2024-08-25,[],40,5,01 - Progetos\zData Analyst\Roadmap\Exploração.md,4.482456140350878,0,3
Indrodução,2024-12-31,2024-08-25,['DataAnalyst'],77,10,01 - Progetos\zData Analyst\Roadmap\Indrodução.md,7.11578947368421,1,3
Insights,2024-12-31,2024-09-04,['DataAnalyst'],44,5,01 - Progetos\zData Analyst\Roadmap\Insights.md,4.285087719298246,1,3
Limpeza de dados,2024-08-25,2024-08-25,['DataAnalyst'],33,1,01 - Progetos\zData Analyst\Roadmap\Limpeza de dados.md,1.7072419106317411,1,3
Mediana,2024-12-31,2024-09-03,['DataAnalyst'],11,2,01 - Progetos\zData Analyst\Roadmap\Mediana.md,3.0424107142857144,1,3
Medidas de Tendência Central,2024-12-31,2024-09-03,['DataAnalyst'],55,6,01 - Progetos\zData Analyst\Roadmap\Medidas de Tendência Central.md,4.357142857142857,1,3
Medidas,2024-12-31,2024-09-03,['DataAnalyst'],17,3,01 - Progetos\zData Analyst\Roadmap\Medidas.md,3.9011976047904193,1,3
Moda,2024-12-31,2024-09-03,['DataAnalyst'],175,7,01 - Progetos\zData Analyst\Roadmap\Moda.md,1.9754601226993864,1,3
Média,2024-12-31,2024-09-03,['DataAnalyst'],34,10,01 - Progetos\zData Analyst\Roadmap\Média.md,11.48421052631579,1,3
Padrões & Tendências & Relações,2024-12-31,2024-09-04,['DataAnalyst'],55,3,01 - Progetos\zData Analyst\Roadmap\Padrões & Tendências & Relações.md,2.55688622754491,1,3
Sem título,2024-08-28,,[],240,0,01 - Progetos\zData Analyst\Roadmap\Sem título.md,0.18588025022341376,0,3
Tipos de variáveis,2024-09-03,2024-09-03,['DataAnalyst'],38,2,01 - Progetos\zData Analyst\Roadmap\Tipos de variáveis.md,2.3325892857142856,1,3
Variáveis discretas,2024-12-31,2024-09-03,['DataAnalyst'],22,0,01 - Progetos\zData Analyst\Roadmap\Variáveis discretas.md,1.1027703306523682,1,3
Variáveis ​​Contínuas,2024-12-31,2024-09-03,['DataAnalyst'],19,0,01 - Progetos\zData Analyst\Roadmap\Variáveis ​​Contínuas.md,1.1367292225201073,1,3
Variáveis ​​Nominais,2024-09-03,2024-09-03,[],19,1,01 - Progetos\zData Analyst\Roadmap\Variáveis ​​Nominais.md,1.9599383667180277,0,3
Variáveis ​​Ordinais,2024-09-03,2024-09-03,[],24,1,01 - Progetos\zData Analyst\Roadmap\Variáveis ​​Ordinais.md,1.8644067796610169,0,3
Variáveis ​​Qualitativas (ou Categóricas),2024-09-03,2024-09-03,[],10,2,01 - Progetos\zData Analyst\Roadmap\Variáveis ​​Qualitativas (ou Categóricas).md,3.064732142857143,0,3
Variáveis ​​Quantitativas,2024-12-31,2024-09-03,['DataAnalyst'],11,2,01 - Progetos\zData Analyst\Roadmap\Variáveis ​​Quantitativas.md,3.0424107142857144,1,3
Visualização de dados,2024-08-25,2024-08-25,['DataAnalyst'],42,6,01 - Progetos\zData Analyst\Roadmap\Visualização de dados.md,5.091836734693878,1,3
Comandos,2024-08-22,2024-08-22,['Programação'],538,4,01 - Progetos\zData Analyst\Scikit-Learn\Comandos.md,0.1412639405204461,1,3
'backticks',2024-10-09,2024-10-09,['DataAnalyst'],56,0,01 - Progetos\zData Analyst\SQL\'backticks'.md,0.7560321715817694,1,3
Campos,2024-09-16,2024-09-16,['DataAnalyst'],25,1,01 - Progetos\zData Analyst\SQL\Campos.md,1.8428351309707243,1,3
Dados caracteres e strings,2024-09-13,2024-09-12,['DataAnalyst'],20,1,01 - Progetos\zData Analyst\SQL\Dados caracteres e strings.md,1.9322033898305084,1,3
Dados Diversos,2024-12-31,2024-09-11,['DataAnalyst'],46,7,01 - Progetos\zData Analyst\SQL\Dados Diversos.md,5.858895705521473,1,3
Dados sequência de Unicode,2024-12-31,2024-09-11,['DataAnalyst'],71,10,01 - Progetos\zData Analyst\SQL\Dados sequência de Unicode.md,7.473684210526316,1,3
"Diferenças DML,DDL e DCL",2024-09-12,2024-09-11,['DataAnalyst'],43,3,"01 - Progetos\zData Analyst\SQL\Diferenças DML,DDL e DCL.md",2.9550898203592815,1,3
Different Types,2024-09-21,2024-09-21,['DataAnalyst'],25,0,01 - Progetos\zData Analyst\SQL\Different Types.md,1.068811438784629,1,3
Erro code 1175,2024-09-16,2024-09-15,['Erro'],87,5,01 - Progetos\zData Analyst\SQL\Erro code 1175.md,2.754385964912281,1,3
Geral,2024-12-31,2024-09-11,['DataAnalyst'],33,6,01 - Progetos\zData Analyst\SQL\Geral.md,5.653061224489796,1,3
Linguagem de Controle de Dados (DCL),2024-12-31,2024-09-11,['DataAnalyst'],47,4,01 - Progetos\zData Analyst\SQL\Linguagem de Controle de Dados (DCL).md,3.490706319702602,1,3
Linguagem de Definição de Dados (DDL),2024-12-31,2024-09-11,['DataAnalyst'],65,7,01 - Progetos\zData Analyst\SQL\Linguagem de Definição de Dados (DDL).md,4.656441717791411,1,3
Linguagem de Manipulação de Dados (DML),2024-12-31,2024-09-11,['DataAnalyst'],72,8,01 - Progetos\zData Analyst\SQL\Linguagem de Manipulação de Dados (DML).md,5.2,1,3
Otimizar as consultas SQL,2024-09-26,2024-09-26,['DataAnalyst'],517,11,01 - Progetos\zData Analyst\SQL\Otimizar as consultas SQL.md,0.525,1,3
Projetos,2024-08-31,2024-08-19,['Programação'],474,1,01 - Progetos\zData Analyst\SQL\Projetos.md,0.08628659476117104,1,3
Qualificador de escopo,2024-10-10,2024-10-09,['DataAnalyst'],212,1,01 - Progetos\zData Analyst\SQL\Qualificador de escopo.md,0.3882896764252696,1,3
Queries,2024-12-31,2024-09-11,['DataAnalyst'],36,3,01 - Progetos\zData Analyst\SQL\Queries.md,3.179640718562874,1,3
RDBMS,2024-12-31,2024-09-11,['DataAnalyst'],561,14,01 - Progetos\zData Analyst\SQL\RDBMS.md,0.5666666666666667,1,3
SCHEMA,2024-10-09,2024-10-09,['DataAnalyst'],319,4,01 - Progetos\zData Analyst\SQL\SCHEMA.md,0.4684014869888476,1,3
Sintaxe SQL,2024-12-31,2024-09-11,['DataAnalyst'],66,11,01 - Progetos\zData Analyst\SQL\Sintaxe SQL.md,9.3375,1,3
SQL vx NoSQL,2024-12-31,2024-09-11,['DataAnalyst'],295,10,01 - Progetos\zData Analyst\SQL\SQL vx NoSQL.md,1.5368421052631578,1,3
SQL,2024-12-31,2024-09-11,['DataAnalyst'],47,6,01 - Progetos\zData Analyst\SQL\SQL.md,4.790816326530612,1,3
SSMS,2024-09-28,2024-09-28,['DataAnalyst'],70,2,01 - Progetos\zData Analyst\SQL\SSMS.md,1.6004464285714286,1,3
Subquereies Aninhadas,2024-09-21,2024-09-21,['DataAnalyst'],37,0,01 - Progetos\zData Analyst\SQL\Subquereies Aninhadas.md,0.9410187667560321,1,3
Subquereies Correlacionadas,2024-09-21,2024-09-21,['DataAnalyst'],39,0,01 - Progetos\zData Analyst\SQL\Subquereies Correlacionadas.md,0.9240393208221627,1,3
Subqueries,2024-09-21,2024-09-21,['DataAnalyst'],38,3,01 - Progetos\zData Analyst\SQL\Subqueries.md,3.12874251497006,1,3
Tipos de dados SQL,2024-12-31,2024-09-11,['DataAnalyst'],48,8,01 - Progetos\zData Analyst\SQL\Tipos de dados SQL.md,6.859259259259259,1,3
Unicode,2024-12-31,2024-09-11,['DataAnalyst'],42,1,01 - Progetos\zData Analyst\SQL\Unicode.md,1.5377503852080123,1,3
Árvore balanceada,2024-09-26,2024-09-26,['DataAnalyst'],96,1,01 - Progetos\zData Analyst\SQL\Árvore balanceada.md,0.8705701078582434,1,3
Coisas para juntar,2024-10-23,,[],16,10,01 - Progetos\zData Analyst\SQL\00\Coisas para juntar.md,13.894736842105264,0,4
ABS,2024-10-23,2024-09-23,['Comando'],61,1,01 - Progetos\zData Analyst\SQL\Comandos\ABS.md,1.2419106317411401,1,4
ADD,2024-09-15,2024-09-15,['Comando'],51,1,01 - Progetos\zData Analyst\SQL\Comandos\ADD.md,1.37442218798151,1,4
ALTER,2024-09-13,2024-09-13,['DataAnalyst'],20,0,01 - Progetos\zData Analyst\SQL\Comandos\ALTER.md,1.1206434316353888,1,4
AND,2024-09-17,2024-09-17,['DataAnalyst'],32,0,01 - Progetos\zData Analyst\SQL\Comandos\AND.md,1.000893655049151,1,4
AS,2024-09-19,2024-09-16,['DataAnalyst'],148,1,01 - Progetos\zData Analyst\SQL\Comandos\AS.md,0.6117103235747303,1,4
ASC,2024-09-16,2024-09-16,['DataAnalyst'],24,0,01 - Progetos\zData Analyst\SQL\Comandos\ASC.md,1.0813226094727435,1,4
asterisco,2024-09-13,2024-09-13,['Comando'],13,0,01 - Progetos\zData Analyst\SQL\Comandos\asterisco.md,1.2064343163538873,1,4
BETWEEN,2024-09-19,2024-09-16,['DataAnalyst'],88,1,01 - Progetos\zData Analyst\SQL\Comandos\BETWEEN.md,0.9599383667180277,1,4
CASE,2024-10-23,2024-09-23,['Comando'],156,2,01 - Progetos\zData Analyst\SQL\Comandos\CASE.md,0.828125,1,4
CEILING,2024-09-23,2024-09-23,['Comando'],62,0,01 - Progetos\zData Analyst\SQL\Comandos\CEILING.md,0.7050938337801609,1,4
CHECK,2024-09-20,2024-09-20,['DataAnalyst'],46,3,01 - Progetos\zData Analyst\SQL\Comandos\CHECK.md,2.8592814371257487,1,4
COALESCE,2024-09-25,2024-09-24,['Comando'],98,0,01 - Progetos\zData Analyst\SQL\Comandos\COALESCE.md,0.49776586237712245,1,4
CONCAT,2024-10-12,2024-09-21,['DataAnalyst'],82,0,01 - Progetos\zData Analyst\SQL\Comandos\CONCAT.md,0.5853440571939231,1,4
Consultas Agregadas,2024-09-20,,[],0,0,01 - Progetos\zData Analyst\SQL\Comandos\Consultas Agregadas.md,1.2841823056300268,0,4
COUNT(),2024-09-18,2024-09-18,['DataAnalyst'],21,0,01 - Progetos\zData Analyst\SQL\Comandos\COUNT().md,1.1108132260947274,1,4
COUNT,2024-09-16,2024-09-16,['DataAnalyst'],70,1,01 - Progetos\zData Analyst\SQL\Comandos\COUNT.md,1.1047765793528506,1,4
CREATE INDEX,2024-09-21,2024-09-21,['DataAnalyst'],115,0,01 - Progetos\zData Analyst\SQL\Comandos\CREATE INDEX.md,0.44057193923145666,1,4
CREATE TEMPORARY TABLE,2024-10-03,2024-09-26,['Comando'],148,0,01 - Progetos\zData Analyst\SQL\Comandos\CREATE TEMPORARY TABLE.md,0.354781054512958,1,4
CREATE VIEW,2024-09-28,2024-09-24,['Comando'],108,1,01 - Progetos\zData Analyst\SQL\Comandos\CREATE VIEW.md,0.802773497688752,1,4
CREATE,2024-09-21,2024-09-12,['DataAnalyst'],24,2,01 - Progetos\zData Analyst\SQL\Comandos\CREATE.md,2.700892857142857,1,4
CROSS JOIN,2024-09-21,2024-09-21,['Comando'],86,0,01 - Progetos\zData Analyst\SQL\Comandos\CROSS JOIN.md,0.5665773011617515,1,4
CRUD,2024-09-16,2024-09-13,['DataAnalyst'],42,4,01 - Progetos\zData Analyst\SQL\Comandos\CRUD.md,3.7100371747211898,1,4
DATE,2024-09-24,2024-09-15,['Comando'],154,1,01 - Progetos\zData Analyst\SQL\Comandos\DATE.md,0.5793528505392912,1,4
DATEADD,2024-09-23,2024-09-23,['DataAnalyst'],96,0,01 - Progetos\zData Analyst\SQL\Comandos\DATEADD.md,0.5049151027703307,1,4
DATEPART,2024-09-23,2024-09-23,['Comando'],80,0,01 - Progetos\zData Analyst\SQL\Comandos\DATEPART.md,0.5915996425379804,1,4
DEFAULT,2024-09-21,2024-09-21,['DataAnalyst'],46,0,01 - Progetos\zData Analyst\SQL\Comandos\DEFAULT.md,0.8534405719392315,1,4
DELETE ou DROP VIEW,2024-09-25,2024-09-25,['Comando'],66,2,01 - Progetos\zData Analyst\SQL\Comandos\DELETE ou DROP VIEW.md,1.6674107142857142,1,4
DELETE,2024-10-20,2024-09-15,['Comando'],20,1,01 - Progetos\zData Analyst\SQL\Comandos\DELETE.md,1.9322033898305084,1,4
DESC,2024-09-16,2024-09-16,['DataAnalyst'],12,0,01 - Progetos\zData Analyst\SQL\Comandos\DESC.md,1.2109025915996425,1,4
DISTINCT,2024-10-10,2024-04-28,['DataAnalyst'],71,1,01 - Progetos\zData Analyst\SQL\Comandos\DISTINCT.md,1.0939907550077042,1,4
DOD,2024-10-02,2024-10-02,['DataAnalyst'],59,0,01 - Progetos\zData Analyst\SQL\Comandos\DOD.md,0.7372654155495979,1,4
DROP VIEW,2024-09-25,2024-09-25,['Comando'],83,0,01 - Progetos\zData Analyst\SQL\Comandos\DROP VIEW.md,0.580875781948168,1,4
DROP,2024-09-13,2024-09-12,['DataAnalyst'],21,1,01 - Progetos\zData Analyst\SQL\Comandos\DROP.md,1.9152542372881356,1,4
FLOOR,2024-09-23,2024-09-23,['Comando'],61,1,01 - Progetos\zData Analyst\SQL\Comandos\FLOOR.md,1.2419106317411401,1,4
FOREIGN KEY,2024-10-12,2024-09-16,['Comando'],131,2,01 - Progetos\zData Analyst\SQL\Comandos\FOREIGN KEY.md,0.9955357142857143,1,4
FULL (OUTER) JOIN,2024-09-20,2024-09-19,['Comando'],147,0,01 - Progetos\zData Analyst\SQL\Comandos\FULL (OUTER) JOIN.md,0.35924932975871315,1,4
Funções avançadas,2024-10-15,2024-09-21,['Comando'],320,22,01 - Progetos\zData Analyst\SQL\Comandos\Funções avançadas.md,5.391304347826087,1,4
Funções de agregação SQL,2024-09-18,2024-09-18,['DataAnalyst'],133,8,01 - Progetos\zData Analyst\SQL\Comandos\Funções de agregação SQL.md,3.214814814814815,1,4
GROUP BY,2024-10-14,2024-09-18,['DataAnalyst'],142,6,01 - Progetos\zData Analyst\SQL\Comandos\GROUP BY.md,2.1122448979591835,1,4
HAVING,2024-10-14,2024-09-20,['DataAnalyst'],205,5,01 - Progetos\zData Analyst\SQL\Comandos\HAVING.md,1.162280701754386,1,4
IN,2024-09-16,2024-09-16,['DataAnalyst'],30,0,01 - Progetos\zData Analyst\SQL\Comandos\IN.md,1.0214477211796247,1,4
INSERT INTO,2024-09-17,2024-09-17,['DataAnalyst'],74,0,01 - Progetos\zData Analyst\SQL\Comandos\INSERT INTO.md,0.6184092940125112,1,4
INTO,2024-09-16,2024-09-15,['DataAnalyst'],20,1,01 - Progetos\zData Analyst\SQL\Comandos\INTO.md,1.9322033898305084,1,4
IS NULL,2024-09-18,2024-09-17,['DataAnalyst'],28,1,01 - Progetos\zData Analyst\SQL\Comandos\IS NULL.md,1.7966101694915255,1,4
JOIN,2024-09-21,2024-09-19,['Comando'],219,6,01 - Progetos\zData Analyst\SQL\Comandos\JOIN.md,1.2142857142857142,1,4
LEFT (OUTER) JOIN,2024-09-19,2024-09-19,['Comando'],154,0,01 - Progetos\zData Analyst\SQL\Comandos\LEFT (OUTER) JOIN.md,0.3360142984807864,1,4
LENGTH,2024-09-23,2024-09-23,['Comando'],52,0,01 - Progetos\zData Analyst\SQL\Comandos\LENGTH.md,0.7873100983020554,1,4
LIKE,2024-09-18,2024-09-16,['DataAnalyst'],41,1,01 - Progetos\zData Analyst\SQL\Comandos\LIKE.md,1.5546995377503852,1,4
LIMIT,2024-09-18,2024-09-18,['DataAnalyst'],51,1,01 - Progetos\zData Analyst\SQL\Comandos\LIMIT.md,1.37442218798151,1,4
LOWER,2024-09-23,2024-09-23,['Comando'],48,0,01 - Progetos\zData Analyst\SQL\Comandos\LOWER.md,0.8275245755138516,1,4
MAX(),2024-10-19,,[],0,0,01 - Progetos\zData Analyst\SQL\Comandos\MAX().md,1.2841823056300268,0,4
MOD,2024-09-23,2024-09-23,['Comando'],58,0,01 - Progetos\zData Analyst\SQL\Comandos\MOD.md,0.7470956210902592,1,4
Nomal x temporary x view x Select,2024-10-09,2024-10-05,['DataAnalyst'],477,7,01 - Progetos\zData Analyst\SQL\Comandos\Nomal x temporary x view x Select.md,0.31901840490797545,1,4
NOT NULL,2024-09-20,2024-09-20,['DataAnalyst'],39,2,01 - Progetos\zData Analyst\SQL\Comandos\NOT NULL.md,2.3080357142857144,1,4
NOT,2024-09-19,2024-09-19,['DataAnalyst'],50,0,01 - Progetos\zData Analyst\SQL\Comandos\NOT.md,0.806970509383378,1,4
NULLIF,2024-09-24,2024-09-23,['Comando'],62,0,01 - Progetos\zData Analyst\SQL\Comandos\NULLIF.md,0.7050938337801609,1,4
Operadores do LIKE,2024-09-19,2024-09-18,['DataAnalyst'],92,0,01 - Progetos\zData Analyst\SQL\Comandos\Operadores do LIKE.md,0.5344057193923145,1,4
Operadores no SQL,2024-09-19,2024-09-13,['DataAnalyst'],65,7,01 - Progetos\zData Analyst\SQL\Comandos\Operadores no SQL.md,4.656441717791411,1,4
OR,2024-09-17,2024-09-17,['DataAnalyst'],66,0,01 - Progetos\zData Analyst\SQL\Comandos\OR.md,0.6675603217158177,1,4
ORDER BY,2024-09-16,2024-09-16,['DataAnalyst'],89,2,01 - Progetos\zData Analyst\SQL\Comandos\ORDER BY.md,1.3794642857142858,1,4
Parênteses,2024-09-17,2024-09-17,['DataAnalyst'],95,1,01 - Progetos\zData Analyst\SQL\Comandos\Parênteses.md,0.8828967642526965,1,4
Prefixos SQL,2024-09-19,,[],0,0,01 - Progetos\zData Analyst\SQL\Comandos\Prefixos SQL.md,1.2841823056300268,0,4
PRIMARY KEY,2024-09-15,2024-09-15,['DataAnalyst'],61,0,01 - Progetos\zData Analyst\SQL\Comandos\PRIMARY KEY.md,0.7202859696157283,1,4
REFERENCES,2024-09-16,2024-09-16,['Comando'],35,1,01 - Progetos\zData Analyst\SQL\Comandos\REFERENCES.md,1.657935285053929,1,4
REPLACE VIEW,2024-09-25,2024-09-25,['Comando'],133,0,01 - Progetos\zData Analyst\SQL\Comandos\REPLACE VIEW.md,0.387846291331546,1,4
REPLACE,2024-09-23,2024-09-23,['Comando'],55,0,01 - Progetos\zData Analyst\SQL\Comandos\REPLACE.md,0.7631814119749777,1,4
Restrições SQL,2024-09-20,2024-09-20,['DataAnalyst'],164,7,01 - Progetos\zData Analyst\SQL\Comandos\Restrições SQL.md,2.1104294478527605,1,4
RIGHT (OUTER) JOIN,2024-09-19,2024-09-19,['Comando'],138,0,01 - Progetos\zData Analyst\SQL\Comandos\RIGHT (OUTER) JOIN.md,0.3780160857908847,1,4
ROUND,2024-10-11,2024-09-23,['Comando'],60,0,01 - Progetos\zData Analyst\SQL\Comandos\ROUND.md,0.7310098302055407,1,4
SELECT TOP,2024-09-18,2024-09-18,['DataAnalyst'],93,0,01 - Progetos\zData Analyst\SQL\Comandos\SELECT TOP.md,0.5263628239499554,1,4
SELECT,2024-09-20,2024-09-18,['DataAnalyst'],17,4,01 - Progetos\zData Analyst\SQL\Comandos\SELECT.md,4.843866171003717,1,4
SELF JOIN,2024-09-20,2024-09-20,['DataAnalyst'],125,0,01 - Progetos\zData Analyst\SQL\Comandos\SELF JOIN.md,0.4155495978552279,1,4
Sem título,2024-09-15,,[],0,0,01 - Progetos\zData Analyst\SQL\Comandos\Sem título.md,1.2841823056300268,0,4
SET,2024-09-15,2024-09-13,['Comando'],50,2,01 - Progetos\zData Analyst\SQL\Comandos\SET.md,2.015625,1,4
SUBSTRING,2024-09-23,2024-09-23,['DataAnalyst'],65,0,01 - Progetos\zData Analyst\SQL\Comandos\SUBSTRING.md,0.67828418230563,1,4
TIME,2024-09-23,2024-09-23,['Comando'],78,0,01 - Progetos\zData Analyst\SQL\Comandos\TIME.md,0.6005361930294906,1,4
TIMESTAMP,2024-09-23,2024-09-23,['Comando'],62,0,01 - Progetos\zData Analyst\SQL\Comandos\TIMESTAMP.md,0.7050938337801609,1,4
UNION,2024-10-16,2024-09-20,['Comando'],157,1,01 - Progetos\zData Analyst\SQL\Comandos\UNION.md,0.5654853620955316,1,4
UNIQUE,2024-09-21,2024-09-20,['DataAnalyst'],89,0,01 - Progetos\zData Analyst\SQL\Comandos\UNIQUE.md,0.5522788203753352,1,4
UPDATE,2024-09-15,2024-09-15,['DataAnalyst'],27,1,01 - Progetos\zData Analyst\SQL\Comandos\UPDATE.md,1.8120184899845917,1,4
UPPER,2024-10-11,2024-09-23,['Comando'],46,0,01 - Progetos\zData Analyst\SQL\Comandos\UPPER.md,0.8534405719392315,1,4
USE,2024-09-15,2024-09-15,['Comando'],18,1,01 - Progetos\zData Analyst\SQL\Comandos\USE.md,1.9845916795069338,1,4
VARCHAR,2024-09-16,2024-09-16,['DataAnalyst'],39,2,01 - Progetos\zData Analyst\SQL\Comandos\VARCHAR.md,2.3080357142857144,1,4
VIEW,2024-09-25,2024-09-24,['Comando'],72,9,01 - Progetos\zData Analyst\SQL\Comandos\VIEW.md,6.157894736842105,1,4
WHERE,2024-09-16,2024-09-13,['DataAnalyst'],30,4,01 - Progetos\zData Analyst\SQL\Comandos\WHERE.md,4.24907063197026,1,4
ÍNDICES,2024-09-26,2024-09-26,[],46,5,01 - Progetos\zData Analyst\SQL\Comandos\ÍNDICES.md,4.18859649122807,0,4
Planejamento,2024-10-02,2024-09-28,['DataAnalyst'],697,6,01 - Progetos\zData Analyst\SQL\PROJETO\Planejamento.md,0.1326530612244898,1,4
Career Content,2024-11-28,2024-11-24,[],91,0,01 - Progetos\zData Analyst\Tripleten\Career Content.md,0.5415549597855228,0,3
Perguntas,2024-12-31,,[],512,2,01 - Progetos\zData Analyst\Tripleten\Perguntas.md,0.09821428571428571,0,3
progeto 3,2024-12-15,,[],4414,0,01 - Progetos\zData Analyst\Tripleten\progeto 3.md,0.0017873100983020554,0,3
Sem título,2024-12-12,,[],127,18,01 - Progetos\zData Analyst\Tripleten\Sem título.md,12.131578947368421,0,3
Técnicas de estudo,2024-12-07,2024-12-03,[],895,14,01 - Progetos\zData Analyst\Tripleten\Técnicas de estudo.md,0.4,0,3
Introdução á EDA e DATAVIZ,2024-12-03,2024-12-03,[],22,2,01 - Progetos\zData Analyst\Tripleten\Aulas\Introdução á EDA e DATAVIZ.md,2.7544642857142856,0,4
Networking Como Criar uma Rede de Contatos Profissionais,2024-09-18,2024-04-28,['Networking'],259,1,02 - Referencias\Curso\Networking Como Criar uma Rede de Contatos Profissionais.md,0.28043143297380585,1,2
0 Quero ler,2024-12-20,2024-12-17,[],130,0,02 - Referencias\Escritos\Artigo\0 Quero ler.md,0.40214477211796246,0,3
4 tipos de análise de dados para criar estratégias certeiras,2024-11-21,2024-04-28,[],94,0,02 - Referencias\Escritos\Artigo\4 tipos de análise de dados para criar estratégias certeiras.md,0.5201072386058981,0,3
43 conjuntos de dados gratuitos para construir um portfólio irresistível,2024-11-21,2024-04-28,[],351,0,02 - Referencias\Escritos\Artigo\43 conjuntos de dados gratuitos para construir um portfólio irresistível.md,0.09651474530831099,0,3
Como criar seu portfólio de Data Scientist e divulgar seus trabalhos,2024-11-20,2024-04-28,['Carreira'],90,2,02 - Referencias\Escritos\Artigo\Como criar seu portfólio de Data Scientist e divulgar seus trabalhos.md,1.3660714285714286,1,3
Data - career transition,2024-11-17,2024-04-28,['DataAnalyst'],127,0,02 - Referencias\Escritos\Artigo\Data - career transition.md,0.4119749776586238,1,3
Data sience para Negócios,2024-10-28,2024-09-30,['DataAnalyst'],2608,150,02 - Referencias\Escritos\Livros\Data sience para Negócios.md,5.0,1,3
Eletrônica Básica,2024-07-10,2024-04-24,['Eletrônica'],209,11,02 - Referencias\Escritos\Livros\Eletrônica Básica.md,3.2,1,3
Livros para eletrônica,2024-04-19,2024-04-19,['Eletrônica'],129,12,02 - Referencias\Escritos\Livros\Livros para eletrônica.md,6.232876712328767,1,3
O mundo assombrado pelos demonio,2024-10-28,,[],61,0,02 - Referencias\Escritos\Livros\O mundo assombrado pelos demonio.md,0.7202859696157283,0,3
O poder do hábito,2024-10-28,,[],326,17,02 - Referencias\Escritos\Livros\O poder do hábito.md,2.595744680851064,0,3
O teste da mãe,2024-12-10,,[],381,10,02 - Referencias\Escritos\Livros\O teste da mãe.md,0.9263157894736842,0,3
Rapido e Devagar 2 formas de pensar,2024-01-27,,['Psicologia'],421,5,02 - Referencias\Escritos\Livros\Rapido e Devagar 2 formas de pensar.md,0.2982456140350877,1,3
Storytelling com dados,2024-12-31,2024-09-04,['DataAnalyst'],1650,62,02 - Referencias\Escritos\Livros\Storytelling com dados.md,3.0,1,3
Voice in,2024-08-05,2024-04-28,[],30,0,02 - Referencias\Extenções\Voice in.md,1.0214477211796247,0,2
+Dinheiro,2024-12-31,2024-07-14,['insite'],34,0,02 - Referencias\Outros\+Dinheiro.md,0.9749776586237712,1,2
efeito florida,2023-11-27,,['Psicologia'],89,0,02 - Referencias\Outros\efeito florida.md,0.5522788203753352,1,2
efeito Lady Macbeth,2023-11-28,,['Psicologia'],17,0,02 - Referencias\Outros\efeito Lady Macbeth.md,1.1644325290437891,1,2
Níveis,2024-05-20,,[],39,0,02 - Referencias\Outros\Níveis.md,0.9240393208221627,0,2
Aninha,2024-11-12,,[],5,0,02 - Referencias\Pessoas\Aninha.md,1.2502234137622878,0,2
Esther,2023-10-10,,[],71,0,02 - Referencias\Pessoas\Esther.md,0.6344950848972297,0,2
Luck,2023-10-12,,[],49,0,02 - Referencias\Pessoas\Luck.md,0.8159070598748883,0,2
Naomí,2023-10-12,,['Pessoa'],85,0,02 - Referencias\Pessoas\Naomí.md,0.5719392314566577,1,2
Ken,2024-09-19,2024-09-19,[],53,0,02 - Referencias\Pessoas\Pretendentes\Ken.md,0.7819481680071493,0,3
TOP,2024-09-19,,[],48,2,02 - Referencias\Pessoas\Pretendentes\TOP.md,2.0669642857142856,0,3
Chatpdf,2024-04-29,2024-04-28,['Ferramentas'],24,0,02 - Referencias\Site\Chatpdf.md,1.0813226094727435,1,2
Cor invertida,2024-04-29,2024-04-28,[],17,0,02 - Referencias\Site\Cor invertida.md,1.1644325290437891,0,2
Everycircuit,2024-12-31,2024-04-28,['Eletrônica'],30,2,02 - Referencias\Site\Everycircuit.md,2.5513392857142856,1,2
Ferramentas para design de circuitos eletrônicos,2024-04-29,2024-04-28,['Eletrônica'],57,0,02 - Referencias\Site\Ferramentas para design de circuitos eletrônicos.md,0.7533512064343163,1,2
intervals.icu,2024-12-31,2024-04-28,['Fitness'],23,1,02 - Referencias\Site\intervals.icu.md,1.8859784283513097,1,2
Paperzonevn,2024-12-31,2024-04-28,['Arte'],18,0,02 - Referencias\Site\Paperzonevn.md,1.1510277033065237,1,2
perplexity,2024-08-05,2024-04-28,[],15,0,02 - Referencias\Site\perplexity.md,1.1903485254691688,0,2
Playgraund,2024-08-05,2024-04-28,[],15,0,02 - Referencias\Site\Playgraund.md,1.1903485254691688,0,2
Scispace,2024-05-02,2024-04-28,['Aprendizado'],19,0,02 - Referencias\Site\Scispace.md,1.1367292225201073,1,2
Sites para pesquisar artigos,2024-12-31,2024-04-28,['Utilidades'],12,2,02 - Referencias\Site\Sites para pesquisar artigos.md,3.0245535714285716,1,2
Status invest,2024-12-31,2024-04-28,['Economia'],19,0,02 - Referencias\Site\Status invest.md,1.1367292225201073,1,2
Suno.io,2024-12-31,2024-04-28,['Interesante'],23,0,02 - Referencias\Site\Suno.io.md,1.093833780160858,1,2
tempo.com,2024-04-29,2024-04-28,[],54,2,02 - Referencias\Site\tempo.com.md,1.9352678571428572,0,2
Video highlight,2024-04-29,2024-04-28,['Ferramentas'],16,0,02 - Referencias\Site\Video highlight.md,1.1796246648793565,1,2
D Cientista de Dados financeiro,2024-09-29,2024-09-28,['DataAnalyst'],205,0,02 - Referencias\Site\linkedin\D Cientista de Dados financeiro.md,0.23681858802502234,1,3
87 DICAS OBSIDIAN Do Iniciante ao Avançado  Tutorial Obsidian,2024-12-30,2024-04-28,['Aprendizado'],976,0,02 - Referencias\Videos\87 DICAS OBSIDIAN Do Iniciante ao Avançado  Tutorial Obsidian.md,0.01966041108132261,1,2
A arte e a ciência de MEMORIZAR qualquer coisa,2024-08-17,2024-04-28,['Aprendizado'],46,2,02 - Referencias\Videos\A arte e a ciência de MEMORIZAR qualquer coisa.md,2.1316964285714284,1,2
A Física da Neurociências,2024-06-08,2024-04-28,['Física'],270,4,02 - Referencias\Videos\A Física da Neurociências.md,0.6282527881040892,1,2
A MELHOR FORMA DE CHEGAR EM QUEM VOCÊ TÁ A FIM Marcos Lacerda psicólogo,2024-12-31,2024-04-28,['Psicologia'],72,0,02 - Referencias\Videos\A MELHOR FORMA DE CHEGAR EM QUEM VOCÊ TÁ A FIM Marcos Lacerda psicólogo.md,0.6273458445040214,1,2
Adeus verbo to be,2024-12-03,2024-04-28,['Inglês'],376,7,02 - Referencias\Videos\Adeus verbo to be.md,0.588957055214724,1,2
Anotações escritas ou digitadas,2024-11-15,2024-04-28,['Aprendizado'],135,0,02 - Referencias\Videos\Anotações escritas ou digitadas.md,0.38248436103663985,1,2
APRENDA INGLÊS SOZINHO e de GRAcA,2024-11-15,2024-04-28,[],519,0,02 - Referencias\Videos\APRENDA INGLÊS SOZINHO e de GRAcA.md,0.035746201966041107,0,2
APRENDA INGLÊS SOZINHO e de GRAÇA,2024-08-21,2024-04-28,['Aprendizado'],367,0,02 - Referencias\Videos\APRENDA INGLÊS SOZINHO e de GRAÇA.md,0.08936550491510277,1,2
Como e quais componentes guardar de sucata,2024-05-05,2024-04-28,['Eletrônica'],64,10,02 - Referencias\Videos\Como e quais componentes guardar de sucata.md,8.08421052631579,1,2
COMO ESTUDAR POR PDF USANDO INTELIGÊNCIA ARTIFICIAL - UPDF,2024-05-04,2024-04-26,['Aprendizado'],66,3,02 - Referencias\Videos\COMO ESTUDAR POR PDF USANDO INTELIGÊNCIA ARTIFICIAL - UPDF.md,2.2365269461077846,1,2
Como ganhar DINHEIRO ONLINE (fazendo freelance),2024-12-31,2024-04-28,['Venda'],356,0,02 - Referencias\Videos\Como ganhar DINHEIRO ONLINE (fazendo freelance).md,0.09294012511170688,1,2
"Como Magnetizar e Desmagnetizar ferramentas de forma CORRETA, com um pequeno dispositivo!🧲",2024-04-27,2024-04-27,[],49,2,"02 - Referencias\Videos\Como Magnetizar e Desmagnetizar ferramentas de forma CORRETA, com um pequeno dispositivo!🧲.md",2.0379464285714284,0,2
Curso de Mineração de Sentenças,2024-11-28,2024-04-28,[],61,2,02 - Referencias\Videos\Curso de Mineração de Sentenças.md,1.7991071428571428,0,2
Engenharia de prompt,2024-12-31,2024-05-07,['IA'],98,0,02 - Referencias\Videos\Engenharia de prompt.md,0.49776586237712245,1,2
Equipamentos & Ferramentas - Software para Controle de Componentes Eletrônicos “com algo a mais”,2024-05-05,2024-04-28,['Eletrônica'],63,1,02 - Referencias\Videos\Equipamentos & Ferramentas - Software para Controle de Componentes Eletrônicos “com algo a mais”.md,1.197226502311248,1,2
Evidência suprimida (Cherry picking),2024-05-03,2024-04-28,[],39,0,02 - Referencias\Videos\Evidência suprimida (Cherry picking).md,0.9240393208221627,0,2
Fazemos algo surreal ao falar português!,2024-12-31,2024-04-28,['Português'],43,3,02 - Referencias\Videos\Fazemos algo surreal ao falar português!.md,2.9550898203592815,1,2
From Paper to Bionics Origami's Incredible Impact on Science  FD Engineering,2024-04-30,2024-04-28,[],1445,0,02 - Referencias\Videos\From Paper to Bionics Origami's Incredible Impact on Science  FD Engineering.md,0.014298480786416443,0,2
Github com Alexandre,2024-12-10,2024-04-28,['Programação'],35,0,02 - Referencias\Videos\Github com Alexandre.md,0.9615728328865059,1,2
Método SQ3R,2024-08-18,2024-04-28,[],132,0,02 - Referencias\Videos\Método SQ3R.md,0.3941018766756032,0,2
Por que comemos sempre a mesma coisa,2024-03-06,,['Nutricionismo'],119,0,02 - Referencias\Videos\Por que comemos sempre a mesma coisa.md,0.4289544235924933,1,2
Por que pessoas BURRAS se acham INTELIGENTES,2024-04-09,2024-04-08,['Aprendizado'],38,2,02 - Referencias\Videos\Por que pessoas BURRAS se acham INTELIGENTES.md,2.3325892857142856,1,2
Qual é a VELOCIDADE da ELETRICIDADE,2024-04-24,2024-04-24,['Eletrônica'],76,4,02 - Referencias\Videos\Qual é a VELOCIDADE da ELETRICIDADE.md,2.5315985130111525,1,2
Transístor Explicado - Como funcionam os transístores,2024-09-12,2024-04-28,['Eletrônica'],252,13,02 - Referencias\Videos\Transístor Explicado - Como funcionam os transístores.md,2.91044776119403,1,2
Zettelkasten,2024-04-07,,['Aprendizado'],104,0,02 - Referencias\Videos\Zettelkasten.md,0.47989276139410186,1,2
Concertei extenção,2024-04-24,2024-04-24,['Eletrônica'],20,1,03 - Notas pessoais\Coisa_que_fiz\Concertei extenção.md,1.9322033898305084,1,2
Concertei minha lanterna,2024-04-24,2024-04-24,['Eletrônica'],26,3,03 - Notas pessoais\Coisa_que_fiz\Concertei minha lanterna.md,3.5479041916167664,1,2
Concertei teclado,2024-05-01,2024-05-01,['Eletrônica'],44,2,03 - Notas pessoais\Coisa_que_fiz\Concertei teclado.md,2.1808035714285716,1,2
Fiz fios jacarés,2024-04-24,2024-04-24,['Eletrônica'],21,2,03 - Notas pessoais\Coisa_que_fiz\Fiz fios jacarés.md,2.7745535714285716,1,2
Melhorei os estiletes.,2024-12-31,2024-04-24,['Ferramentas'],16,1,03 - Notas pessoais\Coisa_que_fiz\Melhorei os estiletes..md,2.0338983050847457,1,2
Pasta para soldar,2024-04-24,2024-04-24,['Eletrônica'],14,2,03 - Notas pessoais\Coisa_que_fiz\Pasta para soldar.md,2.9955357142857144,1,2
Pegador de acerolas,2024-04-24,2024-04-24,[],10,1,03 - Notas pessoais\Coisa_que_fiz\Pegador de acerolas.md,2.115562403697997,0,2
Planos para Luminária,2024-05-07,2024-05-04,['Eletrônica'],114,8,03 - Notas pessoais\Coisa_que_fiz\Planos para Luminária.md,3.688888888888889,1,2
Avalia qual ou quais compreessões,2024-08-23,,[],0,0,03 - Notas pessoais\Ideia\Avalia qual ou quais compreessões.md,1.2841823056300268,0,2
Avaliador de livros,2024-09-03,2024-08-29,[],167,1,03 - Notas pessoais\Ideia\Avaliador de livros.md,0.5254237288135594,0,2
Ações,2024-12-31,2024-07-17,['Investimento'],41,0,03 - Notas pessoais\Ideia\Ações.md,0.9016979445933869,1,2
Corretor de redações e plotador de erros,2024-11-10,2024-11-10,['DataAnalyst'],14,1,03 - Notas pessoais\Ideia\Corretor de redações e plotador de erros.md,2.0677966101694913,1,2
Criador de palavras que faltam,2024-08-29,2024-08-29,[],58,1,03 - Notas pessoais\Ideia\Criador de palavras que faltam.md,1.2881355932203389,0,2
Detector de circuitos,2024-05-30,2024-05-30,['Eletrônica'],49,0,03 - Notas pessoais\Ideia\Detector de circuitos.md,0.8159070598748883,1,2
Excel para controle de estoque,2024-05-05,2024-05-05,['Ferramentas'],35,0,03 - Notas pessoais\Ideia\Excel para controle de estoque.md,0.9615728328865059,1,2
Gerador de diagrama crochet,2024-09-04,2024-09-04,[],46,0,03 - Notas pessoais\Ideia\Gerador de diagrama crochet.md,0.8534405719392315,0,2
Gráficos para csv,2024-08-19,2024-08-19,[],16,0,03 - Notas pessoais\Ideia\Gráficos para csv.md,1.1796246648793565,0,2
Hipoteses,2024-11-24,2024-11-24,['ideias'],14,0,03 - Notas pessoais\Ideia\Hipoteses.md,1.1992850759606792,1,2
Livro = astronauta na terra,2024-07-29,2024-07-29,[],93,0,03 - Notas pessoais\Ideia\Livro = astronauta na terra.md,0.5263628239499554,0,2
Livro = Beleza,2024-07-29,2024-07-29,[],169,0,03 - Notas pessoais\Ideia\Livro = Beleza.md,0.30116175156389635,0,2
Medidor de peso com a variação da capacitancia.,2024-05-12,2024-05-12,['Eletrônica'],68,0,03 - Notas pessoais\Ideia\Medidor de peso com a variação da capacitancia..md,0.6550491510277033,1,2
Multpesquisador,2024-08-10,,[],61,0,03 - Notas pessoais\Ideia\Multpesquisador.md,0.7202859696157283,0,2
Ordenador de word,2024-08-30,2024-08-30,[],47,0,03 - Notas pessoais\Ideia\Ordenador de word.md,0.839142091152815,0,2
Ponteira heat pipe,2024-04-24,2024-04-24,['Eletrônica'],38,1,03 - Notas pessoais\Ideia\Ponteira heat pipe.md,1.6101694915254237,1,2
Previsão de demanda para cadeias de suprimentos,2024-08-19,2024-08-19,['Programação'],17,0,03 - Notas pessoais\Ideia\Previsão de demanda para cadeias de suprimentos.md,1.1644325290437891,1,2
Transformar celular em um arduino.,2024-05-12,2024-05-12,['Eletrônica'],38,0,03 - Notas pessoais\Ideia\Transformar celular em um arduino..md,0.9338695263628239,1,2
Trayler,2024-06-15,2024-06-09,['C'],122,0,03 - Notas pessoais\Ideia\Trayler.md,0.42091152815013405,1,2
Emoção,2024-11-26,2024-11-26,['Psicologia'],52,0,03 - Notas pessoais\Psicologia\Emoção.md,0.7873100983020554,1,2
RPD,2024-11-26,2024-11-26,['Psicologia'],90,2,03 - Notas pessoais\Psicologia\RPD.md,1.3660714285714286,1,2
Estudo,2024-09-20,,[],3,0,99 - Recursos\Modelos\Estudo.md,1.2546916890080428,0,2
Nota diaria,2023-09-27,,[],2,0,99 - Recursos\Modelos\Nota diaria.md,1.258266309204647,0,2
Pessoas,2023-09-27,,[],48,0,99 - Recursos\Modelos\Pessoas.md,0.8275245755138516,0,2
pret,2024-09-19,,[],30,0,99 - Recursos\Modelos\pret.md,1.0214477211796247,0,2
Sites,2024-04-28,2024-04-28,[],7,0,99 - Recursos\Modelos\Sites.md,1.2412868632707774,0,2
Vídeo,2024-04-28,2024-04-28,[],8,0,99 - Recursos\Modelos\Vídeo.md,1.2368185880250224,0,2
