Nome da Nota,Data da Última Modificação,Data da Nota,Tags,Contagem de Palavras
",pop",2024-11-13 19:18:02,2024-11-13,Python,108
Discretização,2024-10-23 22:38:25,2024-10-23,DataAnalyst,28
EDA,2024-12-03 20:17:55,2024-12-03,"DataAnalyst
data",158
Indução,2024-10-29 00:40:58,2024-10-29,DataAnalyst,132
O descobrimento de Portugal.,2024-12-31 23:41:03,2024-12-31,,155
o'clock,2024-11-22 19:12:45,2024-11-22,"Word
data",26
quantidade de palavras,2024-11-28 21:44:47,,,592
Sem título 1,2025-08-06 20:09:21,,,196
Sem título 2,2025-09-09 16:38:49,,,22
Sem título 3,2025-09-18 18:49:46,,,0
Sem título,2025-03-06 20:44:21,2025-03-06,,245
Tripleten,2024-10-29 22:06:49,2024-10-29,DataAnalyst,97
Ações,2024-07-17 01:04:31,,,0
Terrawwwwwww,2024-07-15 01:06:40,,,0
Terrawwwwwwwwwww,2024-07-15 01:07:32,,,0
Terrawwwwwwwwwwww2w22wwwwwww,2024-07-15 01:05:14,,,0
Terrawwwwwwwwwwwww,2024-07-15 01:08:00,,,0
Terrawwwwwwwwwwwwwww,2024-07-15 01:08:33,,,0
Cheklist,2025-06-22 20:12:42,,,268
O que eu faço com a IA,2025-07-04 17:16:28,,,19
Organização da organização,2025-05-30 16:15:33,,,310
O voto não é o que você pensa.,2024-09-19 18:52:16,,,2732
300 palavras basicas,2025-01-10 16:27:53,,,3738
Anki,2024-11-28 19:55:21,,,33
DA,2025-03-12 21:01:58,2024-11-19,"DataAnalyst
data",153
Eniglish,2025-05-11 23:08:17,,,7921
Gráfico,2024-11-15 21:16:00,2024-11-15,,5
intermediario,2025-03-04 19:35:55,,,1239
Python,2025-03-11 21:08:02,2024-11-15,,1437
pythonloco,2024-11-19 21:32:56,,,4296
Esp-01,2025-07-04 00:04:23,,,142
Ideias projetos,2025-04-16 00:10:06,2025-04-16,,34
MCP23017,2025-07-03 23:50:57,,,8
Mini avião,2025-05-08 17:38:53,,,17
primeiro kit,2025-03-31 09:28:09,,,471
01,2025-08-09 01:45:14,2024-12-08,,436
Articles,2024-11-27 01:13:28,2024-11-27,"Inglês
data",7
Fonética das palavras com ch,2024-11-17 22:38:59,2024-04-28,"Inglês
data",62
Noun,2024-11-27 01:12:12,,,1
Phonetics,2024-11-27 01:13:29,,,0
Sem título,2024-11-26 18:29:06,,,0
Verbs,2024-11-18 17:57:17,2024-11-18,Regra,198
Adjetivos (comparative adjectivs),2025-05-08 21:17:20,2025-05-06,,340
Alfabeto,2024-11-15 18:20:42,2024-04-28,Inglês,290
"in, on e at(para lugar)",2024-11-22 18:08:06,2024-11-20,Conceito,75
"in, on e at(para tempo)",2024-12-31 01:23:30,2024-11-20,Preposição,257
Object of the sentence,2024-11-26 18:43:35,2024-11-26,Inglês,84
Pronome,2024-11-26 20:03:06,2024-11-26,"Conceito
data",170
Crush - Tessa Violet,2025-07-14 21:43:45,2025-06-28,"Inglês
data",2339
Light Switch - Charlie Puth,2025-07-13 21:05:21,2025-06-28,"Inglês
data",1653
Nobody Else - Em Beihold,2025-07-12 21:47:19,2025-06-28,"Inglês
data",1631
Numb Little Bug - Em Beihold,2025-07-12 21:46:58,2025-07-12,"Inglês
data",1658
001 Não sei,2025-08-27 21:51:04,2024-11-29,"Inglês
data",215
Adjectives,2025-05-07 21:07:13,2025-05-06,,126
Body Part,2025-01-27 23:56:32,2025-01-26,,167
Color,2024-12-01 23:38:35,2024-12-01,"Word
data",438
Days of the week,2024-12-01 23:44:45,2024-12-01,"Word
data",48
evening,2024-11-22 19:04:14,2024-11-22,"Word
data",46
Family Members,2025-01-26 00:18:36,2025-01-26,,293
Feelings,2025-02-28 23:18:46,2025-02-21,,143
Food and drinks,2025-02-21 21:18:16,2025-02-21,,173
Greetings,2025-04-30 21:18:18,2025-02-21,,315
Local,2025-05-06 20:37:17,2025-05-05,,92
Months and Seasons,2024-12-02 00:22:34,2024-12-01,"Word
data",161
nacionalidades e países,2025-02-28 23:40:36,2025-02-21,,455
noon,2024-11-22 18:15:52,2024-11-22,"Word
data",11
Numbers,2024-12-08 23:47:27,2024-12-03,"Word
data",268
Posições,2024-12-18 00:40:09,2024-11-21,Inglês,202
Professions,2025-02-28 23:19:04,2025-02-21,,246
Quantifiers,2025-01-29 23:16:43,2025-01-29,"Conceito
data",27
Weather,2025-05-03 22:14:22,2025-05-03,,98
200 ideogramas importantes,2025-02-24 00:19:09,2025-02-24,,129
Acentuação,2025-02-01 19:05:54,2025-02-01,,10
Mandarim ou Chines,2025-01-31 01:38:05,2025-01-31,,40
notas a fazer,2025-02-15 00:57:25,2025-02-11,,60
Pictogramas,2025-02-01 20:18:26,2025-02-01,,31
Tipos de ideogramas,2025-02-01 18:47:21,2025-01-31,,420
Tons,2025-02-01 19:04:12,2025-02-01,,359
Conjunto dos inteiros,2023-09-29 23:31:25,,,162
Conjunto dos Irracionais,2023-10-03 10:31:33,,,91
Conjunto dos Racionais,2023-09-29 23:45:07,,,182
Conjunto dos reais,2023-09-29 23:34:58,,,162
Conjuntos dos naturais,2023-09-29 23:31:16,,,130
Conjuntos numéricos,2024-04-21 22:40:53,,,51
Método da Soma e Produto,2025-07-02 20:08:13,2025-07-02,"Matemática
data",1525
Sem título,2025-01-02 01:11:37,,,54
Fundamentos da matemática elementar V1,2024-11-09 17:58:22,,,17
Negação(~),2024-10-25 00:53:34,2024-10-25,Matemática,43
Proposição composta,2024-11-09 18:15:36,2024-11-09,,50
Proposição,2024-10-25 00:44:52,2024-10-25,Matemática,188
Variáveis,2024-11-11 21:14:26,2024-11-11,Programação,40
Dificuldades,2025-08-21 02:11:47,2025-08-21,,128
Ideias,2025-08-17 20:57:26,2025-08-17,,151
N-gramas,2025-08-17 20:59:10,2025-08-17,,21
1 fase,2025-08-11 01:41:08,2025-08-02,,274
Análise Teórica de Métodos para um Novo Sistema NLU,2025-07-27 19:23:56,2025-07-26,,6668
Melhorar a NLU,2025-07-24 15:16:16,2025-07-22,,150
Multi tarefa vx Hierarchical Intent Classification,2025-07-24 16:59:39,,,0
NLU Spacy,2025-07-21 02:21:34,2025-07-20,,71
Norte - nlu,2025-08-02 19:02:47,2025-07-27,,228
Prompt,2025-08-11 01:49:33,,,501
Algoritmos de memorização,2024-08-17 19:36:45,2024-08-17,Aprendizado,10
Breu,2024-04-24 19:28:59,2024-04-24,,34
Como eu estudo,2024-08-22 22:47:54,2024-08-21,"Aprendizado
data",83
Hidro-semeadura,2024-04-20 22:27:36,,,0
Leitura do Coruja,2024-12-31 01:25:13,2024-04-30,"Sociologia
data",34
Major System,2024-08-17 19:57:31,2024-08-17,Aprendizado,171
Outros,2025-07-13 17:45:19,,,149
Palavriômetro Executivo,2025-01-28 12:43:29,2025-01-28,,168
Palácio da memória,2024-08-17 19:50:54,2024-08-17,Aprendizado,137
Poesia em monte Carlo,2025-01-28 12:52:57,2025-01-28,,91
RGB,2024-04-09 11:22:35,2024-04-09,Eletrônica,45
Plano inicial,2024-05-23 01:42:19,2024-05-23,,45
Suplementos,2024-06-30 18:45:36,2024-06-24,,111
Zonas,2024-12-31 01:25:46,2024-06-22,"bike
data",180
Perguntas Abertas,2023-11-03 11:38:07,,,33
corrente,2024-04-25 01:01:47,2024-04-25,"Eletrônica
data",26
Current sink,2024-05-25 21:00:23,2024-05-25,"Eletrônica
data",19
Current source,2024-05-25 21:00:33,2024-05-25,"Eletrônica
data",19
Integração dos componentes,2024-04-19 23:40:16,,,59
Kirchhoff,2024-04-14 22:17:50,2024-04-14,"Eletrônica
data",27
lei de kirchhoff das tensões,2024-04-18 12:03:35,2024-04-14,"Eletrônica
data",29
lei de ohm,2024-04-14 21:41:23,2024-04-07,"Eletrônica
data",16
Metas,2024-05-29 23:44:56,,,85
ohms,2024-04-16 00:31:58,2024-04-16,"Eletrônica
data",31
Resistor de pull up,2024-05-27 21:27:00,2024-05-27,"Eletrônica
data",31
resistores de leds,2024-04-14 20:42:51,2024-04-08,"Eletrônica
data",242
Resistência,2024-04-18 12:09:30,2024-04-16,"Eletrônica
data",33
tenção,2024-04-25 00:50:38,2024-04-16,"Eletrônica
data",92
TRI-STATE,2024-05-25 20:51:45,2024-05-25,"Eletrônica
data",58
"CRISTAL OSCILADOR EXTERNO, POLLING Curso de PIC 005",2024-06-09 00:05:33,2024-04-28,Eletrônica,150
ENTRADAS DIGITAIS  Curso de PIC 004,2024-06-08 21:58:01,2024-04-28,"Eletrônica
data",187
"FUSÍVEIS, DATASHEET, SOFTWARE DE SIMULAÇÃO",2024-05-25 20:03:52,2024-04-28,"Eletrônica
data",378
GRAVANDO O PRIMEIRO PIC 12F675  Curso de PIC 003,2024-05-27 21:36:13,2024-04-28,Eletrônica,234
INTRODUÇÃO PIC16F84A Curso de PIC,2024-05-25 20:59:58,2024-04-28,Eletrônica,143
Bobina ou Indutor,2024-04-22 00:09:49,2024-04-17,"Eletrônica
data",145
Capacitor,2024-04-18 12:12:52,2024-04-17,"Eletrônica
data",120
Chaves com memória,2024-05-03 22:12:01,2024-05-03,"Eletrônica
data",41
Chaves Momentâneas,2024-05-03 22:05:09,2024-05-03,"Eletrônica
data",33
Chaves,2024-05-03 22:11:04,2024-05-03,"Eletrônica
data",49
componente,2024-07-15 01:09:02,2024-04-16,"Eletrônica
data",63
diodo,2024-05-03 21:40:00,2024-04-27,"Eletrônica
data",185
EEPROM,2024-05-27 20:20:37,2024-05-25,"Eletrônica
data",36
LED,2024-04-14 21:38:41,2024-04-09,"Eletrônica
data",20
Memória,2024-05-27 20:17:49,2024-05-27,"Eletrônica
data",44
Resistor,2024-12-31 01:37:16,2024-04-14,"Eletrônica
data",79
Sensores,2024-12-31 01:37:19,2024-05-08,"Eletrônica
data",114
Solda,2024-04-18 12:06:34,2024-04-16,"Eletrônica
data",101
Terra,2024-04-25 00:52:00,2024-04-25,"Eletrônica
data",53
Transistor,2024-05-03 23:43:12,2024-04-30,"Eletrônica
data",102
Comandos,2024-12-31 01:26:06,2024-05-15,Eletrônica,28
Pick devices,2024-12-31 01:37:53,2024-05-15,Eletrônica,40
Metas,2024-12-31 01:26:21,2024-05-07,Maker,28
Papel alumínio,2024-12-31 01:26:24,2024-05-07,"Maker
data",68
PVC,2024-12-31 01:26:27,2024-05-07,"Maker
data",48
Super cola,2024-05-07 21:07:49,2024-05-07,"Maker
data",31
Coisas a fazer,2024-07-12 21:53:08,,,23
Exercicios,2024-09-05 18:05:24,2024-08-17,,281
Vida 1,2024-08-08 20:13:06,,,0
Acentuação,2024-09-21 23:16:08,,,237
Adjetivo,2023-11-02 10:40:21,,,3
Artigo,2023-11-02 10:34:00,,,134
Classe de palavras,2023-10-25 19:02:03,,,37
Classificação das consoantes,2023-10-06 10:40:36,,,35
Classificação das vogais,2023-09-28 23:15:23,,,34
Composição,2023-10-17 10:31:09,,,95
Dissílaba,2023-10-21 11:41:20,,,19
Ditongo,2023-10-02 10:17:31,,,99
dupla prosódia,2023-10-01 20:02:34,,,110
Dígrafo,2023-09-28 10:21:00,,,30
Dígrafos consonantais,2023-09-28 10:29:25,,,63
Dígrafos vocálicos,2023-09-28 10:20:54,,,52
Emprego do E,2023-10-14 10:48:52,,,105
Emprego do G,2023-10-14 10:29:02,,,95
Emprego do H,2024-04-24 00:35:46,,,243
Emprego do Hífen,2023-10-17 10:07:02,,,3
Emprego do I,2023-10-14 11:16:16,,,110
Emprego do J,2023-10-13 10:51:42,,,106
Emprego do S,2024-04-24 00:35:46,,,308
Emprego do SC,2024-04-24 00:35:46,,,179
Emprego do SS,2023-10-12 11:20:41,,,161
Emprego do X ou CH,2023-10-16 20:36:45,,,197
Emprego do XC,2023-10-17 09:46:12,,,68
Emprego do Z,2023-10-12 11:10:33,,,230
Emprego do Ç,2023-10-12 11:31:07,,,133
Encontros consonantais,2023-10-06 11:06:56,,,186
Encontros vocálicos,2023-10-02 10:29:11,,,24
Fonemas consonantais,2023-09-28 10:42:40,,,76
Fonemas vocálicos,2023-09-28 10:35:47,,,46
fonemas,2023-09-28 10:49:01,,,43
Fonologia,2023-09-28 10:20:51,,,10
Formas variante,2023-10-17 09:48:28,,,90
Formação de palavras,2024-05-05 00:17:41,,,114
Hiato,2023-10-06 23:27:43,,,23
Homônimos,2023-10-17 09:57:26,,,242
Interpretação x Compreender,2023-10-25 19:18:25,,,204
Monossílaba,2023-10-01 22:46:51,,,26
Nasal,2023-10-02 10:01:00,,,49
Oral,2023-10-02 09:59:47,,,28
Ortografia,2023-10-17 10:02:09,,,341
Ortoépia,2024-12-04 21:40:07,,,47
Oxítonas,2023-09-30 10:54:54,,,23
Palavras de uma mesma família,2023-10-14 11:18:11,,,70
Palavras derivadas,2023-10-14 10:03:32,,,0
Paroxítonas,2023-09-30 10:48:05,,,22
Parônimos,2023-10-17 09:55:27,,,290
Polissílaba,2023-09-28 23:45:04,,,28
prefixo,2023-10-14 10:48:55,,,0
Primeira leitura,2023-10-25 17:45:00,,,16
Proparoxítonas,2023-09-30 10:48:17,,,24
Prosódia,2023-10-01 20:11:54,,,178
Quanto ao papel,2023-09-28 23:18:20,,,62
Quanto ao timbre,2023-09-28 23:14:45,,,54
Quanto à intensidade,2023-09-28 23:21:16,,,33
Quanto à zona de articulação,2023-09-28 23:11:30,,,54
Segunda leitura,2023-10-25 17:52:44,,,20
Semivogal,2023-10-02 09:56:41,,,40
silabada,2023-10-01 19:47:27,,,18
Substantivo,2023-11-02 10:17:51,,,87
Sílaba tônica,2023-10-07 10:08:35,,,117
Sílaba,2023-09-30 10:19:18,,,82
Translineação,2023-10-06 10:47:09,,,578
Trissílaba,2023-09-28 23:44:14,,,21
Tritongo,2023-10-02 10:28:10,,,84
Tônicos,2023-10-01 22:53:04,,,24
Átonos,2023-10-01 22:50:47,,,25
mineração de dado,2024-10-01 19:09:14,2024-10-01,DataAnalyst,55
Site com dados.,2025-02-12 20:40:27,2025-02-12,,22
Sites,2024-08-24 00:29:46,2024-08-24,,9
Voluntário,2025-06-17 16:02:49,,,4
Dúvidas,2025-05-01 18:20:08,2025-05-01,,112
Geral,2025-08-17 19:06:37,2024-08-05,Datascience,97
O Que Você Precisa Descobrir Sobre uma Empresa Durante sua Primeira Semana,2025-05-01 18:18:58,2025-05-01,,21
00001,2025-03-19 18:35:08,,,4
AARRR,2025-03-14 20:07:17,,,0
Alcance vx Impacto.,2025-03-19 21:16:17,2025-03-19,,73
Análise inicial do DF,2024-12-21 19:43:52,2024-12-21,,35
Atividade do Usuário,2025-03-14 19:23:33,,,181
Boas Práticas na Comunicação de Análises,2025-03-27 10:43:17,2025-03-27,"Softskills
data",198
CAC,2025-03-14 18:20:11,2025-03-14,,84
churn,2024-11-11 21:35:40,2024-11-11,DataAnalyst,42
CLI,2025-01-19 21:05:45,2025-01-19,"Conceito
data",13
Coeficiente de correlação linear,2024-12-18 00:36:32,2024-12-18,Gráfico,257
Como fazer Coorte,2025-03-20 16:07:18,,,0
Coorte,2025-05-30 15:20:10,2025-03-13,,205
Data lake,2025-05-21 18:33:19,2025-05-21,,55
Data warehouse,2025-05-21 18:34:36,2025-05-21,,49
Diários de Hipóteses,2025-03-19 19:30:27,2025-03-19,,82
Economia unitária,2025-03-13 20:59:48,2025-03-13,,83
Engenharia de características,2025-02-17 20:30:20,2024-12-27,"Conceito
data",44
Erro dos tipo I e II,2025-03-22 09:42:57,2025-03-20,,85
ETL,2025-04-25 19:46:56,2025-04-25,,13
Ganho de conversão relativo.,2025-03-25 10:58:37,2025-03-25,,9
GUI,2025-01-19 21:17:23,2025-01-19,"Conceito
data",10
HEART,2025-03-14 20:07:14,,,0
Hipóteses,2025-03-19 19:49:07,2025-03-19,,48
Importância do grafico,2024-12-05 18:58:41,2024-12-05,,40
JupyterLab,2025-02-04 00:16:05,2025-02-04,,21
LTV,2025-03-14 18:19:00,2025-03-14,,90
Métodos Experimentais,2025-03-19 20:03:03,2025-03-19,,138
Métricas chaves,2025-03-19 19:29:02,2025-03-19,,309
Outliers,2024-12-21 19:36:55,2024-12-21,Estatística,26
Paradoxo de Simpson,2025-04-09 10:12:51,2025-04-09,,127
Paramétricos ou não,2025-03-22 10:44:37,2025-03-22,,90
Pipeline de dados,2025-05-21 18:32:29,2025-04-25,,257
pipeline,2025-02-17 18:21:29,2025-02-17,,202
ROMI,2025-03-14 18:43:47,,,0
Rotatividade,2024-11-11 21:23:20,2024-11-11,DataAnalyst,27
RPV,2025-03-19 19:02:01,2025-03-19,,102
Sessões de Usuário,2025-03-14 19:35:09,2025-03-14,,175
Significância Estatística,2025-03-24 10:22:06,2025-03-24,,62
taxa de cliques (CTR),2025-03-07 19:16:42,2025-03-07,Economia,72
taxa de conversão (CR),2025-03-07 19:16:48,2025-03-07,Economia,75
Teste AB,2025-04-10 09:46:18,2025-04-10,,179
Teste AlA,2025-03-27 10:19:38,2025-03-20,,60
Teste de Wilcoxon-Mann-Whitney,2025-03-23 20:26:39,2025-03-23,,88
Teste Shapiro–Wilk,2025-03-22 10:33:37,2025-03-22,"Comando
data",248
Testes,2025-04-10 10:17:37,2025-04-10,,490
Valor absoluto,2025-03-22 10:06:52,2025-03-22,,18
requirements python,2025-01-27 20:06:56,2025-01-27,"Comando
data",28
--help,2025-01-21 20:42:05,2025-01-21,"Comando
data",960
alias,2025-01-25 19:38:46,2025-01-25,"Comando
data",61
cat,2025-01-23 20:41:34,2025-01-22,"Comando
data",62
cd,2025-01-21 23:13:11,2025-01-21,"Comando
data",22
cp,2025-01-22 21:59:21,2025-01-22,"Comando
data",35
Curinga,2025-01-23 19:28:51,2025-01-23,"Comando
data",269
echo,2025-01-22 19:57:53,2025-01-22,"Comando
data",103
env com python,2025-01-31 21:22:02,2025-01-27,"Comando
data",58
find,2025-01-24 23:44:06,2025-01-22,"Comando
data",115
grep,2025-01-24 23:55:15,2025-01-22,"Comando
data",51
head & tail,2025-01-23 21:15:45,2025-01-22,"Comando
data",40
history,2025-01-25 20:51:01,2025-01-25,"Comando
data",20
home,2025-01-22 21:25:33,2025-01-22,"Comando
data",19
ls,2025-01-21 23:13:33,2025-01-21,"Comando
data",52
man,2025-01-21 23:13:18,2025-01-21,,569
mkdir,2025-01-22 13:25:07,2025-01-21,"Comando
data",84
mv,2025-01-22 21:50:14,2025-01-22,"Comando
data",70
Pipes,2025-01-25 20:34:17,2025-01-25,"Comando
data",30
pwd,2025-01-21 23:12:59,2025-01-21,"Comando
data",15
rm,2025-01-21 23:48:00,2025-01-21,"Comando
data",99
tab 3x,2025-01-21 22:42:29,2025-01-21,"Comando
data",77
touch,2025-01-22 20:59:17,2025-01-22,"Comando
data",22
vi,2025-01-23 21:22:46,2025-01-22,"Comando
data",83
wc,2025-01-23 21:06:59,2025-01-22,"Comando
data",69
conda activate myenv,2025-01-27 18:45:56,2025-01-27,"Comando
data",10
conda create --name myenv,2025-01-27 18:43:56,2025-01-27,"Comando
data",12
conda deactivate,2025-01-27 18:46:45,2025-01-27,"Comando
data",10
conda env create --name myenv --file requirements.txt,2025-01-27 19:57:29,2025-01-27,"Comando
data",11
conda install --name myenv scipy,2025-01-27 18:58:10,2025-01-27,"Comando
data",15
conda install -c,2025-01-27 18:47:00,2025-01-27,"Comando
data",9
",bashrc",2025-01-25 19:38:11,2025-01-25,"Conceito
data",31
Diretório,2025-01-21 23:02:57,2025-01-21,,28
dummy,2025-01-22 20:52:56,2025-01-22,,23
modificador,2025-01-21 20:07:22,2025-01-21,,33
Variável de ambiente,2025-01-25 20:29:10,2025-01-25,Conceito,181
WSL,2025-01-30 18:55:41,,,0
Amostragem,2025-01-09 20:02:36,2025-01-09,"Conceito
data",97
Análise de dados,2024-12-31 01:26:49,2024-09-04,"DataAnalyst
data",93
Análise descritiva ou exploratória,2024-12-31 01:26:53,2024-09-04,"DataAnalyst
data",92
Análise diagnóstica,2024-12-31 01:27:00,2024-09-04,"DataAnalyst
data",31
Análise Estatística,2024-09-04 21:48:45,2024-08-25,"DataAnalyst
data",45
Análise Explanatória,2024-12-31 01:27:06,2024-09-05,"DataAnalyst
data",55
Análise preditiva,2024-12-31 01:27:09,2024-09-04,"DataAnalyst
data",119
Análise prescritiva,2024-12-31 01:27:13,2024-09-04,"DataAnalyst
data",28
Aprendizado de máquina,2024-08-25 20:56:05,2024-08-25,"DataAnalyst
data",35
Cauda longa vx Calda pesada,2025-01-03 23:03:41,2025-01-03,"Conceito
data",33
Coleta de dados,2024-08-25 19:37:40,2024-08-25,"DataAnalyst
data",30
Conceitos-chave de dados,2024-10-28 23:50:41,2024-08-25,"DataAnalyst
data",22
Covariância,2025-01-07 20:23:45,2025-01-03,"Conceito
data",265
Dados assimétricos,2025-01-03 23:41:35,2025-01-03,"Conceito
data",45
Densidade de probabilidade,2025-01-09 20:24:43,2025-01-09,"Conceito
data",49
Desvio médio absoluto,2025-01-03 20:20:34,2025-01-03,,99
Desvio padrão,2025-01-25 23:30:28,2025-01-03,"Comando
data",59
Desvio,2025-01-07 20:09:20,2025-01-07,"Conceito
data",16
Dispersão,2025-01-06 23:30:44,2025-01-02,"Conceito
data",79
Distribuição normal,2025-01-03 22:57:24,2025-01-03,"Conceito
data",29
DMA vx Variância,2025-01-07 00:12:30,2025-01-07,"Conceito
data",221
Erro padrão & Desvio padrão,2025-01-25 23:30:28,2025-01-09,"Conceito
data",34
Erro padrão,2025-01-25 23:30:28,2025-01-09,,45
Estatística Descritiva,2024-09-03 23:31:31,2024-09-03,"DataAnalyst
data",78
Excel,2024-09-05 21:21:51,2024-08-25,"DataAnalyst
data",59
Exploração,2024-08-25 19:39:33,2024-08-25,,40
Indrodução,2024-12-31 01:28:35,2024-08-25,"DataAnalyst
data",77
Insights,2024-12-31 01:28:40,2024-09-04,"DataAnalyst
data",44
Limpeza de dados,2024-08-25 19:38:33,2024-08-25,"DataAnalyst
data",33
Mediana,2025-01-02 22:58:37,2024-09-03,"DataAnalyst
data",14
Medidas de Tendência Central,2024-12-31 01:29:18,2024-09-03,"DataAnalyst
data",55
Medidas,2024-12-31 01:29:14,2024-09-03,"DataAnalyst
data",17
Moda,2024-12-31 01:29:23,2024-09-03,"DataAnalyst
data",175
Média,2024-12-31 01:29:06,2024-09-03,"DataAnalyst
data",34
Padrões & Tendências & Relações,2024-12-31 01:29:35,2024-09-04,"DataAnalyst
data",55
Regra dos três sigmas,2025-01-25 23:30:28,2025-01-03,"Conceito
data",37
Sem título,2024-08-28 23:01:55,,,240
Significância,2025-01-09 20:58:03,2025-01-09,,6
T teste,2025-01-09 00:07:33,2025-01-08,"Conceito
data",53
Teorema central do limite,2025-01-25 23:30:28,2025-01-08,,38
Tipos de variáveis,2024-09-03 22:21:55,2024-09-03,"DataAnalyst
data",38
Valor esperado = média,2025-01-25 23:30:28,2025-01-08,,35
Valor-p,2025-01-08 23:41:07,2025-01-08,"Conceito
data",108
Variáveis discretas,2025-01-04 00:09:10,2024-09-03,"DataAnalyst
data",28
Variáveis ​​Contínuas,2024-12-31 01:30:38,2024-09-03,"DataAnalyst
data",19
Variáveis ​​Nominais,2024-09-03 22:23:21,2024-09-03,,19
Variáveis ​​Ordinais,2024-09-03 22:23:37,2024-09-03,,24
Variáveis ​​Qualitativas (ou Categóricas),2024-09-03 22:21:47,2024-09-03,,10
Variáveis ​​Quantitativas,2024-12-31 01:30:52,2024-09-03,"DataAnalyst
data",11
Variância,2025-01-07 00:03:50,2025-01-03,"Conceito
data",85
Visualização de dados,2024-08-25 19:53:00,2024-08-25,"DataAnalyst
data",42
Z-score,2025-01-06 21:32:34,2025-01-06,,20
Avaliar fórmula,2024-12-31 01:27:20,2024-09-06,"DataAnalyst
data",18
DADADIF,2024-08-25 23:37:47,2024-08-25,"DataAnalyst
data",95
F4,2024-11-04 16:43:18,2024-11-04,"Comando
data",63
Função TEXTO,2024-12-31 01:28:07,2024-09-06,"DataAnalyst
data",160
Função.excel,2024-12-31 01:28:12,2024-08-25,"DataAnalyst
data",338
hlookup,2024-08-25 23:36:37,,,0
SE,2024-09-07 21:02:06,2024-08-25,"DataAnalyst
data",62
SEERRO,2024-12-31 01:29:57,2024-09-06,"DataAnalyst
data",59
Tabelas dinâmicas,2024-12-31 01:30:25,2024-09-07,"DataAnalyst
data",13
Variáveis no excel,2024-12-31 01:30:46,2024-09-06,"DataAnalyst
data",29
vlookup,2024-08-25 23:36:28,,,0
99freelas,2025-07-10 21:19:21,2025-07-10,,376340
Freela,2025-07-13 01:54:04,2024-12-02,,25
prompt,2025-08-18 18:36:14,,,553
Quais consigo fazer.,2024-08-05 02:19:45,2024-08-04,,30
Quais vou fazer,2024-08-27 20:34:35,2024-08-27,,11
Sobre a msg inicial,2025-07-21 20:34:19,2025-07-21,,615
Áreas escolhidas,2025-07-20 19:24:24,,,164
Automação de dashboard,2025-09-16 15:16:22,2025-09-16,"Comando
data",271
Dashboard de Análise de Performance para Marketing Digital,2025-07-16 19:14:41,2025-07-12,,413
2 esboço,2025-08-05 21:38:55,,,44
Cartorio,2025-07-30 16:58:33,,,34
Checklist,2025-07-31 21:19:28,,,87
esboço,2025-07-30 20:40:27,2025-07-30,,190
reunião 01,2025-07-30 19:59:53,,,426
e-mail,2025-09-04 23:25:51,,,595
Estutura dos slides,2025-09-04 19:13:44,,,572
Primeiro video.,2025-09-04 19:02:44,,,17
Video aula de IA,2025-09-04 18:11:46,2025-09-04,,11
Acercamento,2024-09-12 16:09:15,2024-09-12,,42
Barras horizontais empilhadas,2024-12-31 01:27:39,2024-09-11,"DataAnalyst
data",18
Barras horizontais,2024-12-31 01:27:36,2024-09-11,"DataAnalyst
data",22
Barras verticais empilhadas,2024-12-31 01:27:47,2024-09-10,"DataAnalyst
data",59
Barras verticais,2024-12-31 01:27:43,2024-09-10,"DataAnalyst
data",25
Barras,2024-12-31 01:27:27,2024-09-10,"DataAnalyst
data",227
Boxplot,2025-01-02 23:42:02,2025-01-02,,83
Causa e efeito,2024-12-17 20:38:20,2024-12-17,Gráfico,91
Conexão,2024-09-12 16:16:50,2024-09-12,,59
Continuidade,2024-09-12 16:14:45,2024-09-12,,54
Cores,2025-04-12 10:41:05,2025-04-12,,65
Densidade de frequência,2025-01-02 21:36:52,2025-01-02,Conceito,22
Diagramas de Venn,2025-01-04 21:05:46,,,0
Diretrizes para apresentações,2025-04-09 10:57:11,2025-04-09,,132
Elementos de um Bom Gráfico,2024-12-17 20:38:10,2024-12-17,Gráfico,105
Exemplo de gráficos,2024-09-21 19:30:02,2024-09-13,"DataAnalyst
data",307
Fechamento,2024-09-12 16:13:07,2024-09-12,,61
Gráfico de cascata,2025-05-13 19:57:43,2024-09-10,"DataAnalyst
data",37
Gráfico de dispersão,2024-09-07 17:49:50,2024-09-07,,72
Gráfico de inclinaçao,2024-09-29 19:19:52,2024-09-29,,17
Gráfico de inclinação,2024-12-31 01:28:25,2024-09-10,"DataAnalyst
data",105
Gráfico de linhas,2024-12-31 01:28:29,2024-09-10,"DataAnalyst
data",29
Gráfico de Área,2024-09-11 18:18:18,2024-09-11,,36
Gráficos de dispersão,2025-02-12 22:47:46,2024-12-18,"Gráfico
data",112
Gráficos de área empilhada,2025-04-27 19:31:20,2025-04-27,"Gráfico
data",10
Gráficos interativos.,2025-04-15 09:40:45,2025-04-15,,17
Gráficos ruins,2024-12-17 21:00:36,2024-12-17,Gráfico,40
Histograma,2024-12-20 19:28:58,2024-12-18,"Gráfico
data",92
Linhas,2024-09-12 00:16:03,2024-09-07,,13
Mapa de calor,2024-09-07 17:42:25,2024-09-07,,41
Matriz de correlção,2025-01-18 23:40:29,2025-01-18,"Conceito
data",31
Matrizes de dispersão,2024-12-18 23:37:14,2024-12-18,"Conceito
data",151
Pontos,2024-12-31 01:29:40,2024-09-07,DataAnalyst,11
Princípios da Gestalt,2024-09-12 17:53:47,2024-09-12,,44
Proximidade,2024-09-12 16:06:07,2024-09-12,,54
Similaridade,2024-09-12 16:07:30,2024-09-12,,36
Sites,2024-09-30 15:31:31,2024-09-29,,57
Tabela,2024-12-31 01:30:20,2024-09-07,"DataAnalyst
data",66
Texto simples,2024-09-07 17:17:35,2024-09-07,,61
Uso de animação nos visuais apresentados,2024-09-26 16:29:10,2024-09-26,"DataAnalyst
data",34
Visualização boa de gráficos,2025-04-09 10:43:51,2025-04-09,,103
Chunking,2025-05-11 21:02:42,2025-05-03,"ia
data",110
Embedding,2025-05-03 19:27:45,2025-05-03,"ia
data",196
RAG,2025-05-13 16:53:02,2025-05-03,"ia
data",194
Agentes  facil,2025-05-19 20:13:37,2025-05-18,,761
RAG,2025-05-13 16:47:04,2025-05-12,,65
Resumo de Feedback de Clientes,2025-05-06 20:10:54,2025-05-06,"Comando
data",108
Curriculo,2025-05-18 19:09:43,,,0
Estratégia de funil,2025-04-24 21:51:20,2025-04-20,,246
Exemplo de postes,2025-01-16 23:54:28,2024-12-06,,297
Funil real de vagas,2025-05-20 20:39:56,2025-04-30,,6041
linkedin,2024-09-04 01:10:30,2024-08-31,,58
Network,2024-09-21 23:33:01,2024-09-21,"Networking
data",217
Palavras chaves,2025-04-24 21:51:33,2025-04-24,,20
perguntas,2024-10-16 00:05:31,,,224
Pesquisa booleana,2025-05-15 23:25:39,2025-05-15,,106
Prompt para iniciar conversa.,2025-02-23 18:03:11,2025-02-23,,322
Prompts de converças,2025-07-28 19:53:17,,,1187
README git,2025-04-29 18:56:29,2025-04-29,,341
Sem título,2024-10-16 00:49:25,,,466
sistemas de rastreamento de candidatos (ATS),2025-05-05 20:06:31,2025-05-05,,424
TBT,2025-03-28 11:02:22,2025-03-28,,71
Torne-se parceiro do contato,2024-09-18 22:55:13,2024-09-18,"Networking
data",65
Vagas,2025-05-08 20:57:53,,,37477
Certificados,2025-06-15 19:03:50,,,28
O que as empresas querem de mim,2025-01-17 20:47:31,2025-01-17,,365
Reds,2025-04-24 21:52:30,2025-04-24,,1312
Sarah F. Rezende,2025-06-01 20:31:18,,,321
a escrever,2025-08-06 20:32:24,,,6
Posts,2025-08-02 16:55:18,,,2237
Projetos,2025-08-17 20:39:24,,,323
Acurácia,2025-05-24 19:41:41,2025-05-24,,51
AED,2025-05-25 18:45:47,,,0
Aprendizado,2025-05-19 20:27:11,2025-05-19,,35
bias (tendência),2025-05-20 19:40:57,2025-05-20,,52
Coeficiente de Determinação,2025-05-20 20:21:09,2025-05-20,,74
Dados empíricos,2025-05-19 21:27:38,2025-05-19,,44
Definindo tarefas,2025-05-25 18:37:32,2025-05-25,,281
distância Euclideana,2025-05-25 17:20:28,2025-05-25,"Comando
data",168
Erro Médio Absoluto,2025-05-22 21:22:10,2025-05-22,,167
Erro percentual absoluto médio,2025-05-24 19:04:23,2025-05-24,,117
Erro quadrático médio,2025-05-24 18:58:10,2025-05-22,"Comando
data",171
Erro relativo,2025-05-22 19:08:45,2025-05-22,,129
F1_score,2025-05-24 19:41:29,2025-05-24,,81
Função custo,2025-05-22 21:15:14,2025-05-22,,231
Gradiente Descendente,2025-05-24 17:37:33,2025-05-22,,119
Limiar de Decisão,2025-05-24 20:58:45,2025-05-24,,251
LoRA,2025-07-15 01:32:15,2025-07-15,ia,36
Matriz de confusão,2025-05-24 19:38:22,2025-05-24,,104
ML,2025-05-19 21:14:45,2025-05-19,,70
Modelo,2025-05-20 18:58:05,2025-05-20,,30
Multicolinearidade,2025-05-24 18:36:34,2025-05-24,,115
Métricas de classificação,2025-05-24 19:55:19,2025-05-24,,38
Métricas para agrupamentos,2025-05-25 17:54:59,2025-05-25,,206
NLP,2025-07-19 19:47:16,2025-07-19,"Datascience
data",32
NLU,2025-07-19 19:50:41,2025-07-19,DataAnalyst,233
Normalização,2025-05-25 17:11:24,2025-05-25,,47
O Pipeline do Aprendizado de Máquina,2025-05-24 17:39:52,2025-05-22,,387
Padronização,2025-05-25 17:11:32,2025-05-25,,41
Precisão e sensibilidade,2025-05-24 19:40:45,2025-05-24,,156
Pré processamento de dados,2025-05-25 19:31:47,2025-05-25,"Comando
data",359
Pré-processamento de Dados,2025-05-24 18:39:55,2025-05-24,,279
Redução de dimensionalidade,2025-05-25 16:57:45,2025-05-20,,149
Reforço de aprendizado,2025-05-25 16:58:44,2025-05-20,,198
Regularização,2025-05-24 18:35:43,2025-05-24,,230
RMSE,2025-09-11 21:15:38,2025-09-11,,25
ROC,2025-05-24 20:04:04,2025-05-24,,73
Selecionando Métricas,2025-06-03 18:55:52,2025-05-25,,49
Target variables,2025-05-19 21:14:13,2025-05-19,,65
Agrupamento aglomerativo hierárquico,2025-05-25 17:46:07,2025-05-25,,265
Florestas Aleatória,2025-06-03 20:19:49,2025-05-24,"Comando
data",236
Gradient boosting vx Árvore aleatória,2025-05-25 16:55:52,2025-05-25,,50
Gradient boosting,2025-05-25 16:49:57,2025-05-25,,77
K-means,2025-05-25 17:39:44,2025-05-25,,255
Modelos resumo,2025-05-22 20:09:57,2025-05-22,,152
Regressão Linear,2025-06-03 18:58:55,2025-05-22,,474
Regressão logística,2025-06-03 19:12:06,2025-05-24,,181
Selecionando modelo,2025-05-25 20:26:27,2025-05-25,,54
Snips-NLU,2025-07-19 20:55:57,2025-07-19,Datascience,736
Spacy,2025-07-20 16:50:37,,,0
Árvore de decisão,2025-06-03 19:20:39,2025-05-24,,87
Possibilidades,2025-08-07 00:41:31,,,32
Glossário (data science para negocios),2025-02-10 18:41:59,2024-10-28,DataAnalyst,363
Palavras,2024-10-22 01:58:35,2024-10-22,,432
Perceptron e Aprendizado Supervisionado,2024-10-08 23:56:05,2024-10-08,DataAnalyst,667
Problemas básicos,2024-10-04 00:08:26,2024-10-04,,490
Problemas de Morfologia,2024-10-04 00:46:14,2024-10-04,DataAnalyst,1102
Relação com o ensino de crianças,2025-08-06 20:29:37,,,436
REsumo,2024-10-01 22:51:35,2024-10-01,"DataAnalyst
data",383
Linguagem M,2025-02-04 19:21:50,2025-02-04,,190
Muitos pra um,2025-05-21 19:21:34,2025-05-21,,5
RELATED,2025-02-05 20:00:47,2025-02-05,"Comando
data",30
Tableu,2025-05-12 20:15:37,2025-05-10,,63
Abstração,2024-08-10 23:20:49,2024-08-10,Programação,74
Atributos Globais no HTML,2025-02-13 19:12:58,2025-02-13,,207
Atributos,2024-11-14 22:01:16,2024-08-10,Programação,58
Classes,2025-02-10 18:41:59,2024-08-10,Programação,109
Construtor,2025-02-10 18:41:59,2024-08-12,Programação,134
Instância,2024-12-31 01:31:42,2024-08-10,Programação,64
Métodos,2025-02-10 18:41:59,2024-08-15,Python,24
Notação do ponto,2025-01-28 20:28:04,2025-01-28,"Conceito
data",59
Objetos,2024-08-10 21:19:04,2024-08-10,,16
Private,2025-02-10 18:41:59,2024-08-13,Programação,68
Programação Orientada a Objetos (POO),2025-02-10 18:41:59,2024-08-10,Programação,313
SDK,2025-05-15 16:48:40,2025-05-15,"Programação
data",44
Análise de E-commerce,2024-10-27 20:40:54,,,469
Aulas anotadas,2025-01-31 20:51:10,2025-01-31,,57
poc_wilson_sons.ipynb,2025-08-08 20:47:05,,,200
possivel freela,2025-02-25 18:59:12,2025-02-25,,5045
01 vocabulário,2025-09-12 20:06:23,2025-09-12,,114
Sprint 1,2025-09-12 18:40:06,2025-09-12,,392
Sprint 2,2025-09-12 19:15:06,,,459
Sprint 3,2025-09-12 19:58:39,2025-09-12,,451
Sprint 4,2025-09-12 20:08:46,2025-09-12,,526
",add_argument()",2025-01-27 20:43:28,2025-01-27,"Comando
data",22
",ArgumentParser",2025-01-27 20:42:28,2025-01-27,"Comando
data",9
",parse_args()",2025-01-27 20:48:30,2025-01-27,"Comando
data",40
Combinação de opções curtas,2025-01-28 19:13:51,2025-01-28,,23
help=,2025-01-28 19:10:51,2025-01-27,"Comando
data",66
Aula (10),2024-08-07 14:49:38,2024-08-06,,107
Aula (100),2024-08-08 19:29:39,2024-08-06,,275
Aula (101),2024-08-08 19:30:57,2024-08-06,,212
Aula (102),2024-08-08 19:33:00,2024-08-06,,208
Aula (103),2024-08-08 19:34:32,2024-08-06,,191
Aula (104),2024-08-08 19:36:43,2024-08-06,,179
Aula (105),2024-08-08 19:38:40,2024-08-06,,292
Aula (106),2024-08-08 19:51:51,2024-08-06,,233
Aula (11),2024-08-07 14:51:26,2024-08-06,,46
Aula (12),2024-08-07 14:55:45,2024-08-06,,81
Aula (13),2024-08-07 14:57:31,2024-08-06,,68
Aula (14),2024-08-07 14:58:54,2024-08-06,,61
Aula (15),2024-08-07 15:00:30,2024-08-06,,183
Aula (16),2024-08-07 15:02:19,2024-08-06,,108
Aula (17),2024-08-07 15:14:36,2024-08-06,,92
Aula (18),2024-08-07 15:17:58,2024-08-06,,132
Aula (19),2024-08-07 15:19:16,2024-08-06,,128
Aula (20),2024-08-07 15:21:02,2024-08-06,,119
Aula (21),2024-08-07 15:22:12,2024-08-06,,172
Aula (22),2024-08-07 15:25:07,2024-08-06,,163
Aula (23),2024-08-07 15:26:30,2024-08-06,,125
Aula (24),2024-08-07 15:28:21,2024-08-06,,99
Aula (25),2024-08-07 15:29:37,2024-08-06,,205
Aula (26),2024-08-07 16:51:15,2024-08-06,,195
Aula (27),2024-08-07 16:49:44,2024-08-06,,192
Aula (28),2024-08-06 16:35:42,2024-08-06,,7
Aula (29),2024-08-07 16:54:04,2024-08-06,,203
Aula (30),2024-12-31 01:31:19,2024-08-06,"Programação
data",108
Aula (31),2024-08-07 16:56:47,2024-08-06,,153
Aula (32),2024-08-07 16:57:44,2024-08-06,,176
Aula (33),2024-08-07 16:58:59,2024-08-06,,238
Aula (34),2024-08-07 17:01:03,2024-08-06,,200
Aula (35),2024-08-07 17:01:49,2024-08-06,,171
Aula (36),2024-08-07 17:17:09,2024-08-06,,306
Aula (37),2024-08-07 17:19:25,2024-08-06,,288
Aula (38),2024-08-07 17:20:53,2024-08-06,,177
Aula (39),2024-08-07 17:23:35,2024-08-06,,152
Aula (40),2024-08-07 17:25:48,2024-08-06,,230
Aula (41),2024-08-07 17:26:47,2024-08-06,,123
Aula (42),2024-08-06 16:35:42,2024-08-06,,7
Aula (43),2024-08-07 17:28:18,2024-08-06,,213
Aula (44),2024-08-07 17:29:37,2024-08-06,,256
Aula (45),2024-08-07 17:31:24,2024-08-06,,229
Aula (46),2024-08-07 17:32:51,2024-08-06,,143
Aula (47),2024-08-07 17:34:00,2024-08-06,,156
Aula (48),2024-08-07 17:35:31,2024-08-06,,181
Aula (49),2024-08-07 17:56:22,2024-08-06,,139
Aula (5),2024-08-06 18:16:34,2024-08-06,,170
Aula (50),2024-08-07 17:57:51,2024-08-06,,138
Aula (51),2024-08-07 17:59:54,2024-08-06,,191
Aula (52),2024-08-07 18:01:17,2024-08-06,,157
Aula (53),2024-08-07 18:11:05,2024-08-06,,110
Aula (54),2024-08-07 18:12:19,2024-08-06,,241
Aula (55),2024-08-07 18:13:13,2024-08-06,,205
Aula (56),2024-08-07 18:14:38,2024-08-06,,403
Aula (57),2024-08-07 18:27:55,2024-08-06,,76
Aula (58),2024-08-07 18:29:14,2024-08-06,,317
Aula (59),2024-08-07 18:31:42,2024-08-06,,482
Aula (6),2024-08-07 14:39:55,2024-08-06,,159
Aula (60),2024-08-07 18:33:16,2024-08-06,,213
Aula (61),2024-08-07 18:34:38,2024-08-06,,151
Aula (62),2024-08-07 18:35:56,2024-08-06,,260
Aula (63),2024-08-07 18:37:58,2024-08-06,,380
Aula (64),2024-08-07 18:39:46,2024-08-06,,169
Aula (65),2024-08-07 18:41:26,2024-08-06,,380
Aula (66),2024-08-07 18:43:36,2024-08-06,,154
Aula (67),2024-08-07 18:45:02,2024-08-06,,260
Aula (68),2024-08-07 18:47:15,2024-08-06,,333
Aula (69),2024-08-07 19:28:36,2024-08-06,,396
Aula (7),2024-08-07 14:42:47,2024-08-06,,115
Aula (70),2024-08-08 18:16:35,2024-08-06,,327
Aula (71),2024-08-08 18:17:41,2024-08-06,,253
Aula (72),2024-08-08 18:19:33,2024-08-06,,235
Aula (73),2024-08-08 18:21:23,2024-08-06,,225
Aula (74),2024-08-08 18:22:15,2024-08-06,,161
Aula (75),2024-08-08 18:23:22,2024-08-06,,226
Aula (76),2024-08-08 18:29:12,2024-08-06,,242
Aula (77),2024-08-08 18:32:36,2024-08-06,,224
Aula (78),2024-08-08 18:26:32,2024-08-06,,340
Aula (79),2024-08-08 18:33:37,2024-08-06,,400
Aula (8),2024-08-07 14:43:56,2024-08-06,,259
Aula (80),2024-08-08 18:41:16,2024-08-06,,300
Aula (81),2024-08-08 18:42:40,2024-08-06,,213
Aula (82),2024-08-08 18:45:06,2024-08-06,,259
Aula (83),2024-08-08 18:46:42,2024-08-06,,152
Aula (84),2024-08-08 18:48:28,2024-08-06,,406
Aula (85),2024-08-08 18:50:41,2024-08-06,,218
Aula (86),2024-08-08 18:52:00,2024-08-06,,252
Aula (87),2024-08-08 18:53:32,2024-08-06,,423
Aula (88),2024-08-08 18:56:37,2024-08-06,,483
Aula (89),2024-08-08 18:57:42,2024-08-06,,354
Aula (9),2024-08-07 14:45:05,2024-08-06,,95
Aula (90),2024-08-08 18:59:31,2024-08-06,,159
Aula (91),2024-08-08 19:17:32,2024-08-06,,293
Aula (92),2024-08-08 19:18:51,2024-08-06,,198
Aula (93),2024-08-08 19:20:03,2024-08-06,,418
Aula (94),2024-08-08 19:20:54,2024-08-06,,345
Aula (95),2024-08-08 19:22:01,2024-08-06,,476
Aula (96),2024-08-08 19:23:07,2024-08-06,,153
Aula (97),2024-08-08 19:24:37,2024-08-06,,99
Aula (98),2024-08-08 19:26:25,2024-08-06,,382
Aula (99),2024-08-08 19:28:43,2024-08-06,,297
Python Code for Finding the Successor of an Integer,2024-08-09 23:08:40,2024-08-06,,170
Dash,2025-05-21 18:41:31,2025-05-21,"Comando
data",170
ipython,2025-02-13 21:12:03,2025-02-13,"Comando
data",94
",dump",2025-01-31 18:59:05,2025-01-31,"Comando
data",31
",loads",2025-01-31 18:49:23,2025-01-31,"Comando
data",42
",'hist'",2024-12-20 19:56:59,2024-12-20,,69
",bar",2024-12-29 23:11:10,2024-12-29,"Comando
data",117
",legend",2024-12-18 21:58:37,2024-12-18,"Comando
data",43
",plot",2024-12-17 22:55:08,2024-12-14,Gráfico,97
",scatter_matrix",2024-12-20 20:57:34,2024-12-20,"Comando
data",93
",show",2024-12-14 22:27:08,2024-12-14,Gráfico,17
",title=",2024-12-17 22:20:17,2024-12-14,Gráfico,24
",xlabel= or ,ylabel=",2024-12-17 22:51:42,2024-12-14,Gráfico,38
",xlim= e ,ylim=",2024-12-17 22:53:03,2024-12-14,"Gráfico
data",61
alpha=,2024-12-17 23:32:40,2024-12-17,"Comando
data",30
bind=,2024-12-20 19:33:10,2024-12-20,"Comando
data",6
figsize=,2024-12-17 22:59:43,2024-12-14,Gráfico,64
grid=,2024-12-14 21:52:04,2024-12-14,Gráfico,15
kind=,2024-12-17 23:35:50,2024-12-17,Gráfico,144
legend=,2024-12-17 23:02:38,2024-12-14,Gráfico,78
Marcador,2024-12-18 19:29:32,2024-12-14,Gráfico,549
rot=,2024-12-18 21:30:04,2024-12-18,,36
savefig(),2024-12-14 22:26:31,2024-12-14,Gráfico,9
x= e y=,2024-12-17 22:47:21,2024-12-14,Gráfico,51
array.shape,2024-08-19 20:08:18,2024-08-19,,43
",array_equal",2024-12-21 20:57:04,2024-12-21,"Comando
data",68
",cov",2025-01-03 20:41:40,2025-01-03,,17
",logical_operador",2025-03-23 20:42:24,2025-03-23,"Comando
data",35
",sqrt",2025-01-25 23:30:28,2025-01-03,"Conceito
data",25
",std",2025-01-03 20:56:12,2025-01-03,"Comando
data",14
",var",2025-01-03 20:40:52,2025-01-03,"Comando
data",16
Comandos,2024-08-21 22:08:19,2024-08-19,Programação,236
",getcwd",2025-02-03 22:59:16,2025-02-03,,36
01,2024-12-09 00:25:52,2024-12-08,,406
Agrupamento,2024-11-24 19:36:54,2024-11-24,Conceito,11
DataFrame X Series,2024-12-10 20:50:36,2024-12-10,"Conceito
data",34
DataFrame,2024-11-20 18:02:36,2024-08-21,Projetos,287
Deixando o groupby apresentavel,2025-03-23 22:10:20,2025-03-23,"Comando
data",11
Duplicatas,2025-03-18 21:21:08,2024-11-24,,92
Filtragem condicional,2024-11-22 22:34:54,2024-11-22,,61
Indexação Booleana,2024-11-22 22:34:06,2024-11-18,Pandas,102
Máscara booleana,2024-11-22 23:43:54,2024-11-22,"Conceito
data",264
NaN nulo,2024-12-21 19:34:06,2024-12-21,,19
Ordenar,2024-11-24 19:39:43,2024-11-24,Conceito,48
Pré-processamento de dados,2024-11-24 16:34:46,2024-11-20,"Conceito
data",76
Split Apply Combine,2024-12-28 19:53:45,2024-12-28,"Conceito
data",19
types,2024-11-14 22:24:11,2024-11-14,"Comando
data",95
Valores ausentes,2025-02-17 20:30:20,2024-11-20,Conceito,91
Window functions,2024-12-26 21:17:01,,,0
",agg",2024-12-28 20:37:09,2024-12-28,"Conceito
data",94
",apply",2024-12-28 16:07:52,2024-12-27,"Comando
data",140
",astype",2024-12-22 00:10:04,2024-12-21,"Comando
data",70
",columns",2024-12-28 22:59:59,2024-12-28,"Comando
data",51
",concat",2024-12-28 23:23:37,2024-12-28,,80
",corr",2024-12-18 20:05:39,2024-12-18,"Comando
data",69
",crosstab",2025-04-10 09:54:29,2025-04-10,"Comando
data",83
",describe",2024-12-05 19:16:43,2024-12-05,,80
",drop",2024-12-29 19:47:45,2024-12-29,,117
",dropna",2025-05-29 18:37:25,2024-11-21,"Comando
data",89
",drop_duplicates",2024-11-25 17:24:09,2024-11-24,Comando,52
",dt",2024-12-27 18:37:26,2024-12-27,"Comando
data",113
",dtypes",2024-12-22 00:09:57,2024-12-21,"Comando
data",50
",duplicated",2024-12-06 17:09:20,2024-11-22,"Comando
data",45
",fillna",2024-12-14 20:08:53,2024-11-20,"Comando
data",32
",groupby",2025-03-25 10:02:14,2024-11-24,Comando,72
",head",2025-03-06 21:18:38,2024-11-22,"Comando
data",21
",iloc",2024-12-13 20:23:39,2024-12-13,"Comando
data",184
",index",2024-12-22 00:02:34,2024-12-12,"Comando
data",73
",info",2025-03-06 21:18:38,2024-11-14,Comando,94
",isin",2024-12-13 23:13:58,2024-12-13,,66
",isna ou isnull",2024-11-21 23:41:46,2024-11-20,"Comando
data",79
",loc",2024-11-18 00:24:05,2024-11-14,"Comando
data",273
",merge",2025-03-24 09:52:47,2024-12-28,"Comando
data",123
",nan",2024-12-27 21:09:19,,,0
",nunique",2024-11-23 00:23:30,2024-11-23,"Comando
data",41
",pivot_table",2024-12-28 20:46:23,2024-12-28,"Conceito
data",141
",query",2024-12-13 23:19:36,2024-12-13,,55
",read_csv",2024-12-05 23:04:53,2024-11-29,"Comando
data",117
",read_excel",2024-11-29 20:54:40,2024-11-29,"Comando
data",36
",rename",2024-11-25 16:06:21,2024-11-25,"Comando
data",68
",reset_index",2024-11-24 16:44:48,2024-11-24,Comando,65
",sample",2024-11-30 00:48:46,2024-11-30,"Comando
data",33
",Series",2024-12-12 23:55:40,2024-12-12,"Comando
data",30
",set_index",2024-12-13 21:19:14,2024-12-13,"Comando
data",6
",shape",2024-11-14 23:56:09,2024-11-14,Comando,14
",sort_index",2024-12-05 19:56:37,2024-12-05,"Comando
data",47
",sort_values",2024-11-24 17:59:21,2024-11-24,"Conceito
data",75
",tail",2024-11-29 21:53:03,2024-11-29,,26
",to_datetime",2024-12-27 16:46:02,2024-12-26,"Comando
data",270
",to_frame()",2025-03-23 21:32:14,2025-03-23,,16
",to_numeric",2024-12-22 00:10:00,2024-12-21,"Comando
data",67
",tz_convert() e ,tz_localize()",2024-12-27 18:07:21,2024-12-27,"Comando
data",212
",unique",2025-03-10 19:37:28,2024-11-23,"Comando
data",38
",value_count or nunique or duplicates",2024-12-14 20:42:15,,,0
",value_counts",2024-12-22 00:09:53,2024-12-22,"Comando
data",40
",where",2024-12-14 18:30:06,2024-12-14,,65
axis=,2024-11-22 00:48:26,2024-11-22,,383
Comandos,2025-01-31 18:43:09,2024-08-21,Programação,1197
filtragem simples,2024-12-14 20:22:27,2024-12-14,,34
index=,2024-12-13 00:05:52,2024-12-13,"Comando
data",74
inplace=,2025-02-17 20:30:20,2024-11-21,"Comando
data",315
Normalizar nomes de colunas,2024-11-20 20:16:35,2024-11-20,"Comando
data",35
Sem título,2024-12-27 21:10:33,,,0
subset=,2024-11-22 00:55:42,2024-11-22,,87
~,2024-12-05 20:32:21,2024-12-05,,24
Pytest,2025-02-03 21:25:28,2025-02-03,,267
regex,2025-02-17 19:15:51,2025-02-17,"Comando
data",279
",findall",2025-02-17 20:31:56,2025-02-17,"Comando
data",22
",search",2025-02-17 20:31:45,2025-02-17,"Comando
data",28
",split",2025-02-17 20:46:55,2025-02-17,"Comando
data",47
",sub",2025-02-17 20:48:40,2025-02-17,"Comando
data",43
",get",2025-01-31 19:48:54,2025-01-31,"Comando
data",88
",status_code",2025-01-31 20:16:00,2025-01-31,"Comando
data",42
",text",2025-01-31 18:48:17,2025-01-31,"Comando
data",18
",cdf",2025-01-07 23:14:32,2025-01-07,"Comando
data",52
",norm",2025-01-07 23:06:23,2025-01-07,"Comando
data",29
",ppf",2025-01-07 23:11:23,2025-01-07,"Comando
data",65
",pvalue",2025-01-09 00:04:08,2025-01-08,"Comando
data",220
",ttest_1samp",2025-01-09 00:03:50,2025-01-08,"Comando
data",77
",ttest_ind",2025-01-09 19:49:30,2025-01-09,"Comando
data",58
",ttest_rel",2025-01-09 19:55:55,2025-01-09,"Comando
data",78
",jointplot()",2025-04-12 10:37:39,2025-04-12,"Comando
data",36
",back & ,forward",2025-02-10 19:12:09,2025-02-10,"Comando
data",12
",current_url",2025-02-11 18:08:52,2025-02-11,"Comando
data",10
",find_element",2025-02-10 17:31:03,2025-02-10,"Comando
data",26
",find_elements",2025-02-10 17:55:36,2025-02-10,"Comando
data",26
",refresh()",2025-02-11 18:15:20,2025-02-11,"Comando
data",14
",send_keys()",2025-02-13 21:03:12,2025-02-13,"Comando
data",11
",title",2025-02-11 18:16:47,2025-02-11,"Comando
data",11
Atributos,2025-02-10 18:42:01,2025-02-10,,9
DOM,2025-02-10 18:25:06,2025-02-10,,192
Streamlit,2025-01-31 23:14:21,2025-01-31,,105
",get",2024-11-13 19:18:19,2024-11-13,Python,94
",__dict__",2025-02-10 18:41:59,2024-08-13,Python,106
@atributo.setters e getters,2025-02-10 18:41:59,2024-08-15,POO,153
@classmethod,2025-01-28 22:04:52,2025-01-28,"Comando
data",40
@property,2025-02-10 18:41:59,2024-08-15,Python,127
@staticmethod,2025-01-28 21:56:22,2025-01-28,"Conceito
data",21
Argumento,2024-11-16 00:02:07,2024-11-15,Conceito,19
Decorador,2024-08-16 00:27:58,2024-08-15,Python,14
Estilo de código,2025-02-03 21:51:29,2025-02-03,,741
Função,2024-11-15 23:52:02,2024-11-14,Comando,15
"math,factorial",2025-01-04 21:23:13,2025-01-04,"Comando
data",19
Parâmetro,2024-11-16 00:03:55,2024-11-15,Conceito,47
pptint(),2024-08-26 01:20:22,2024-08-26,Programação,41
Private em python,2024-08-13 23:42:51,2024-08-13,Python,146
try except else finally,2025-01-28 20:11:31,2025-01-28,,45
",ipynb",2025-01-25 22:58:25,2025-01-25,"Conceito
data",10
",itens()",2025-02-11 20:18:30,2025-02-11,"Comando
data",79
Atributo,2024-11-15 21:24:12,2024-11-14,Conceito,31
Composição p,2025-02-10 18:41:59,2024-08-13,POO,135
Escopo de variáveis,2025-01-28 19:28:21,2025-01-28,"Conceito
data",135
gerenciador de contexto,2025-01-29 18:02:05,2025-01-29,"Conceito
data",170
Importação,2025-01-28 20:49:34,2025-01-28,,32
Instrução,2025-03-19 00:14:49,2024-11-13,"Conceito
data",51
Linter,2025-02-03 20:20:30,2025-02-03,,46
Modo interativo,2025-02-10 17:57:16,2025-02-10,Comando,25
Método de classe,2025-01-28 22:10:13,2025-01-28,"Conceito
data",47
Método estático,2025-01-28 22:00:15,2025-01-28,"Conceito
data",60
Método,2025-01-31 18:44:58,2024-11-13,,108
Objetos são acessado por endereços,2024-08-12 20:55:24,2024-08-12,Python,148
PEP 257,2025-02-03 20:31:13,2025-02-03,,46
PEP 8,2025-02-03 20:16:52,2025-02-03,"Comando
data",74
REPL,2025-01-25 21:14:37,2025-01-25,"Conceito
data",31
Sem título,2025-02-13 19:12:01,,,0
to int,2024-12-26 20:42:49,2024-12-26,"Conceito
data",55
traceback,2025-02-07 20:29:30,2025-02-07,"Conceito
data",185
Type Hints,2025-01-28 19:52:17,2025-01-28,"Conceito
data",215
xpath,2025-02-12 19:54:14,2025-02-12,,65
Comandos,2024-08-22 20:29:47,2024-08-22,"Programação
data",538
'backticks',2024-10-09 23:56:50,2024-10-09,DataAnalyst,56
Campos,2024-09-16 00:40:14,2024-09-16,"DataAnalyst
data",25
Dados caracteres e strings,2024-09-13 20:35:08,2024-09-12,"DataAnalyst
data",20
Dados Diversos,2024-12-31 01:27:56,2024-09-11,"DataAnalyst
data",46
Dados sequência de Unicode,2024-12-31 01:28:00,2024-09-11,"DataAnalyst
data",71
"Diferenças DML,DDL e DCL",2024-09-12 17:56:04,2024-09-11,"DataAnalyst
data",43
Different Types,2024-09-21 21:25:42,2024-09-21,"DataAnalyst
data",25
Erro code 1175,2024-09-16 14:26:31,2024-09-15,Erro,87
Geral,2024-12-31 01:28:16,2024-09-11,"DataAnalyst
data",33
Linguagem de Controle de Dados (DCL),2024-12-31 01:28:51,2024-09-11,"DataAnalyst
data",47
Linguagem de Definição de Dados (DDL),2024-12-31 01:28:56,2024-09-11,"DataAnalyst
data",65
Linguagem de Manipulação de Dados (DML),2024-12-31 01:29:01,2024-09-11,"DataAnalyst
data",72
Otimizar as consultas SQL,2024-09-26 23:09:10,2024-09-26,"DataAnalyst
data",517
Projetos,2024-08-31 01:14:26,2024-08-19,Programação,474
Qualificador de escopo,2024-10-10 00:04:13,2024-10-09,DataAnalyst,212
Queries,2024-12-31 01:29:46,2024-09-11,"DataAnalyst
data",36
RDBMS,2024-12-31 01:29:51,2024-09-11,"DataAnalyst
data",561
SCHEMA,2024-10-09 23:49:15,2024-10-09,DataAnalyst,319
Sintaxe SQL,2024-12-31 01:30:02,2024-09-11,DataAnalyst,66
SQL vx NoSQL,2024-12-31 01:30:10,2024-09-11,"DataAnalyst
data",295
SQL,2024-12-31 01:30:06,2024-09-11,"DataAnalyst
data",47
SSMS,2024-09-28 20:42:46,2024-09-28,"DataAnalyst
data",70
Subquereies Aninhadas,2024-09-21 21:26:08,2024-09-21,"DataAnalyst
data",37
Subquereies Correlacionadas,2024-09-21 21:25:12,2024-09-21,DataAnalyst,39
Subqueries,2024-09-21 21:25:51,2024-09-21,DataAnalyst,38
Tipos de dados SQL,2024-12-31 01:30:29,2024-09-11,"DataAnalyst
data",48
Unicode,2024-12-31 01:30:34,2024-09-11,"DataAnalyst
data",42
Árvore balanceada,2024-09-26 20:59:11,2024-09-26,DataAnalyst,96
Coisas para juntar,2024-10-23 22:36:39,,,16
ABS,2024-10-23 01:06:45,2024-09-23,Comando,61
ADD,2024-09-15 23:34:25,2024-09-15,Comando,51
ALTER,2024-09-13 20:44:35,2024-09-13,DataAnalyst,20
AND,2024-09-17 19:04:11,2024-09-17,DataAnalyst,32
AS,2024-09-19 20:17:36,2024-09-16,DataAnalyst,148
ASC,2024-09-16 21:20:02,2024-09-16,DataAnalyst,24
asterisco,2024-09-13 20:50:45,2024-09-13,Comando,13
BETWEEN,2024-09-19 19:50:49,2024-09-16,DataAnalyst,88
CASE,2024-10-23 00:33:54,2024-09-23,Comando,156
CAST(),2025-02-18 20:57:39,2025-02-18,"Comando
data",168
CEILING,2024-09-23 21:17:08,2024-09-23,Comando,62
CHECK,2024-09-20 23:08:25,2024-09-20,DataAnalyst,46
COALESCE,2024-09-25 14:24:11,2024-09-24,Comando,98
CONCAT,2024-10-12 20:54:55,2024-09-21,DataAnalyst,82
Consultas Agregadas,2024-09-20 23:10:42,,,0
COUNT(),2024-09-18 21:00:02,2024-09-18,DataAnalyst,21
COUNT,2024-09-16 01:25:55,2024-09-16,DataAnalyst,70
CREATE INDEX,2024-09-21 00:35:49,2024-09-21,DataAnalyst,115
CREATE TEMPORARY TABLE,2024-10-03 00:33:20,2024-09-26,Comando,148
CREATE VIEW,2024-09-28 21:42:21,2024-09-24,Comando,108
CREATE,2024-09-21 20:37:39,2024-09-12,DataAnalyst,24
CROSS JOIN,2024-09-21 20:13:39,2024-09-21,Comando,86
CRUD,2024-09-16 21:18:04,2024-09-13,DataAnalyst,42
DATE,2024-09-24 19:38:28,2024-09-15,Comando,154
DATEADD,2024-09-23 21:13:37,2024-09-23,DataAnalyst,96
DATEPART,2024-09-23 21:11:24,2024-09-23,Comando,80
DATE_TRUNC,2025-02-19 20:48:04,2025-02-19,"Comando
data",168
DEFAULT,2024-09-21 00:03:30,2024-09-21,DataAnalyst,46
DELETE ou DROP VIEW,2024-09-25 21:26:12,2024-09-25,Comando,66
DELETE,2024-10-20 00:56:29,2024-09-15,Comando,20
DESC,2024-09-16 21:20:21,2024-09-16,DataAnalyst,12
DISTINCT,2024-10-10 23:59:36,2024-04-28,DataAnalyst,71
DOD,2024-10-02 15:30:26,2024-10-02,DataAnalyst,59
DROP VIEW,2024-09-25 21:21:55,2024-09-25,Comando,83
DROP,2024-09-13 20:42:37,2024-09-12,DataAnalyst,21
ESCAPE,2025-02-21 18:19:54,2025-02-21,"Comando
data",123
Extract(),2025-02-20 19:01:13,2025-02-19,"Comando
data",93
FLOOR,2024-09-23 22:29:47,2024-09-23,Comando,61
FOREIGN KEY,2024-10-12 23:34:26,2024-09-16,Comando,131
FULL (OUTER) JOIN,2024-09-20 19:10:59,2024-09-19,Comando,147
Funções avançadas,2024-10-15 21:07:58,2024-09-21,Comando,320
Funções de agregação SQL,2024-09-18 20:29:24,2024-09-18,DataAnalyst,133
GROUP BY,2024-10-14 23:42:10,2024-09-18,DataAnalyst,142
HAVING,2025-03-19 00:14:49,2024-09-20,DataAnalyst,205
IN,2024-09-16 21:03:51,2024-09-16,DataAnalyst,30
INSERT INTO,2024-09-17 20:09:18,2024-09-17,DataAnalyst,74
INTO,2024-09-16 21:18:04,2024-09-15,DataAnalyst,20
IS NULL,2024-09-18 00:00:20,2024-09-17,DataAnalyst,28
JOIN,2024-09-21 20:26:33,2024-09-19,Comando,219
LEFT (OUTER) JOIN,2024-09-19 23:23:19,2024-09-19,Comando,154
LENGTH,2024-09-23 20:26:07,2024-09-23,Comando,52
LIKE,2024-09-18 22:31:35,2024-09-16,DataAnalyst,41
LIMIT,2024-09-18 20:20:30,2024-09-18,DataAnalyst,51
LOWER,2024-09-23 20:30:21,2024-09-23,Comando,48
MAX(),2024-10-19 01:35:24,,,0
MOD,2024-09-23 22:38:01,2024-09-23,Comando,58
Nomal x temporary x view x Select,2024-10-09 01:37:21,2024-10-05,DataAnalyst,477
NOT NULL,2024-09-20 23:06:15,2024-09-20,DataAnalyst,39
NOT,2024-09-19 19:44:35,2024-09-19,DataAnalyst,50
NULLIF,2024-09-24 19:06:09,2024-09-23,Comando,62
Operadores do LIKE,2024-09-19 19:41:35,2024-09-18,DataAnalyst,92
Operadores no SQL,2024-09-19 19:51:17,2024-09-13,DataAnalyst,65
OR,2024-09-17 19:11:25,2024-09-17,DataAnalyst,66
ORDER BY,2024-09-16 21:28:55,2024-09-16,DataAnalyst,89
OVER(),2025-02-20 19:38:45,2025-02-20,"Comando
data",130
Parênteses,2024-09-17 19:55:27,2024-09-17,DataAnalyst,95
Prefixos SQL,2024-09-19 20:33:54,,,0
PRIMARY KEY,2024-09-15 21:38:10,2024-09-15,DataAnalyst,61
REFERENCES,2024-09-16 00:16:42,2024-09-16,Comando,35
REPLACE VIEW,2024-09-25 21:19:07,2024-09-25,Comando,133
REPLACE,2024-09-23 20:28:53,2024-09-23,Comando,55
Restrições SQL,2024-09-20 23:57:06,2024-09-20,DataAnalyst,164
RIGHT (OUTER) JOIN,2024-09-19 23:23:40,2024-09-19,Comando,138
ROUND,2024-10-11 00:30:05,2024-09-23,Comando,60
SELECT TOP,2024-09-18 00:08:13,2024-09-18,DataAnalyst,93
SELECT,2024-09-20 23:00:24,2024-09-18,DataAnalyst,17
SELF JOIN,2024-09-20 19:27:48,2024-09-20,DataAnalyst,125
Sem título,2024-09-15 23:32:15,,,0
SET,2024-09-15 20:56:03,2024-09-13,Comando,50
SUBSTRING,2024-09-23 20:21:51,2024-09-23,DataAnalyst,65
TIME,2024-09-23 21:04:29,2024-09-23,Comando,78
TIMESTAMP,2024-09-23 21:07:45,2024-09-23,Comando,62
UNION,2024-10-16 23:59:16,2024-09-20,Comando,157
UNIQUE,2024-09-21 00:01:48,2024-09-20,DataAnalyst,89
UPDATE,2024-09-15 21:25:51,2024-09-15,DataAnalyst,27
UPPER,2024-10-11 00:29:43,2024-09-23,Comando,46
USE,2024-09-15 20:52:44,2024-09-15,Comando,18
VARCHAR,2024-09-16 00:05:19,2024-09-16,DataAnalyst,39
VIEW,2024-09-25 21:10:25,2024-09-24,Comando,72
WHERE,2024-09-16 21:02:53,2024-09-13,DataAnalyst,30
ÍNDICES,2024-09-26 21:12:17,2024-09-26,,46
diagrama ER.,2025-02-20 21:45:48,2025-02-20,"Conceito
data",23
SQLAlchemy,2025-04-27 18:16:15,2025-04-27,,116
Tipos de relaconamentos,2025-02-20 21:32:48,2025-02-20,"Conhecimento
data",126
Planejamento,2024-10-02 23:58:42,2024-09-28,"DataAnalyst
data",697
Sem título,2025-01-17 21:50:17,2024-04-28,,52
Career Content,2025-06-30 19:50:02,2024-11-24,,7645
Perguntas,2025-04-24 22:14:09,,,549
sadas,2025-05-12 16:03:18,,,34
Sem título,2025-03-12 21:13:49,,,220
Apresentação,2025-07-14 14:38:37,,,563
Entrevistas simuladas,2025-08-29 16:02:54,,,484
coorte,2025-03-13 17:45:01,,,8275
indice,2025-05-29 13:49:03,,,4104
Introdução á EDA e DATAVIZ,2024-12-03 20:18:58,2024-12-03,,22
Links importantes,2025-04-25 20:17:05,2025-04-25,,16
Soft Skills para Analistas de Dados,2025-02-26 22:30:35,2025-02-24,,290
"1,2",2025-03-06 21:19:44,2024-04-18,bootcamp,557
3,2025-03-06 21:06:51,2024-11-11,bootcamp,489
4,2025-03-06 21:14:15,2024-10-02,bootcamp,574
5,2025-03-06 21:18:51,,,0
6,2025-03-06 21:15:51,,,0
método,2025-03-06 21:18:41,2025-03-06,machinelearning,237
sprint 8,2025-03-17 19:39:02,2025-03-17,,11
checklist - possíveis erros nos entregáveis,2025-06-03 18:53:25,,,755
CPC,2025-06-04 15:19:12,,,4
Sem título,2025-06-08 21:10:38,,,71
progeto 3,2024-12-15 16:29:00,,,4414
sprin11,2025-04-24 20:42:02,2025-04-22,,520
sprint 10,2025-04-20 20:42:15,2025-04-16,,152
Sprint 13,2025-05-26 22:22:12,2025-05-25,,873
Sprint 4,2025-01-15 18:58:24,2025-01-12,,81
Sprint 5,2025-02-07 19:31:29,2025-02-05,,321
Sprint 6,2025-02-17 13:24:09,2025-02-07,"Bibliotecas
data",2164
sprint 7,2025-03-16 18:29:33,2025-02-24,,166
sprint 8,2025-03-18 20:20:02,,,748
sprint 9,2025-04-06 20:19:16,2025-03-31,,428
"AB test,",2025-06-07 23:08:55,,,872
ab test,2025-06-05 21:34:56,,,423
dashboard,2025-06-12 20:46:59,,,911
Perguntas,2025-05-27 20:16:26,,,37
Tudo que sei,2025-06-04 20:00:54,,,13612
Automação,2025-04-27 18:41:17,,,518
projeto,2025-05-15 19:26:05,,,163
slide 2,2025-01-16 20:51:13,,,1018
slide,2025-01-16 00:21:10,2025-01-15,,1055
Técnicas de estudo,2025-01-16 00:03:16,2024-12-03,,1052
Networking Como Criar uma Rede de Contatos Profissionais,2024-09-18 23:32:45,2024-04-28,"Networking
data",259
0 Quero ler,2024-12-20 23:25:02,2024-12-17,,130
000 ler,2025-07-13 01:29:35,,,621
4 tipos de análise de dados para criar estratégias certeiras,2024-11-21 21:22:08,2024-04-28,,94
43 conjuntos de dados gratuitos para construir um portfólio irresistível,2024-11-21 22:56:03,2024-04-28,,351
Animais papercraft.,2025-04-22 23:49:49,2025-04-22,"Arte
data",24
Aproveite ao máximo o Pandas GroupBy,2025-03-23 21:28:18,2024-04-28,,23
Como criar seu portfólio de Data Scientist e divulgar seus trabalhos,2024-11-20 21:36:19,2024-04-28,"Carreira
data",90
Data - career transition,2024-11-17 23:57:46,2024-04-28,"DataAnalyst
data",127
Estratégias de Chunking no RAG,2025-05-11 21:02:04,2025-05-11,,417
"Média, mediana e assimetria",2025-01-03 23:36:32,2024-04-28,DataAnalyst,48
Sem título,2025-05-10 19:11:02,2025-05-10,,30
"Tabuada 6,7,8,9 com as mãos",2025-04-22 23:53:40,2025-04-22,,21
Circuito e informações,2025-03-29 11:01:59,,,286
Data sience para Negócios,2024-10-28 23:04:24,2024-09-30,DataAnalyst,2608
Eletrônica Básica,2024-07-10 14:02:38,2024-04-24,"Eletrônica
data",209
Iludidos pelo acaso.,2025-03-05 19:24:25,2025-01-21,Estatística,2210
Livros para eletrônica,2024-04-19 23:32:15,2024-04-19,"Eletrônica
data",129
O mundo assombrado pelos demonio,2024-10-28 16:33:12,,,61
O poder do hábito,2024-10-28 16:23:02,,,326
O teste da mãe,2024-12-10 01:26:33,,,381
Rapido e Devagar 2 formas de pensar,2024-01-27 11:30:00,,,421
Storytelling com dados,2024-12-31 01:30:15,2024-09-04,"DataAnalyst
data",1650
Voice in,2024-08-05 21:43:05,2024-04-28,,30
001 Ler,2025-07-27 19:03:06,2025-04-24,,547
Big Data 2.0,2024-10-02 16:07:41,2024-10-02,DataAnalyst,51
Big Data vx mineração de dados,2024-10-02 15:42:47,2024-10-02,DataAnalyst,49
Calculo 1,2025-06-16 18:30:28,,,3
Como fazer amigos e influenciar pessoas,2025-07-05 19:31:20,2025-07-05,,2701
correlações,2024-10-04 17:58:33,,,1544
Métodos Supervisionados vx Não Supervisionados,2024-10-07 17:49:42,2024-10-07,DataAnalyst,132
Porque não é manual mas,2024-10-05 20:48:20,2024-10-05,DataAnalyst,110
Publico,2024-10-05 20:38:38,2024-10-05,DataAnalyst,25
Storytelling,2025-08-16 00:30:11,2024-09-24,"DataAnalyst
data",370
Táticas,2024-09-25 19:00:43,2024-09-25,,167
Web 1.0 vx Web 2.0,2024-10-02 16:04:32,2024-10-02,"Programação
data",72
Cálculo.excalidraw - Copia,2025-07-01 19:41:01,,,171
Cálculo.excalidraw,2025-07-01 14:37:42,,,15478
Exercicios,2025-07-13 17:40:12,2025-07-01,,1152
Sem título,2025-07-04 19:55:28,,,793
Anotações,2025-07-25 19:37:53,2025-07-13,,376
Exercicios,2025-07-27 21:59:47,2025-07-13,,1129
+Dinheiro,2024-12-31 01:32:09,2024-07-14,insite,34
efeito florida,2023-11-27 11:27:02,,,89
efeito Lady Macbeth,2023-11-28 11:28:24,,,17
Níveis,2024-05-20 00:59:39,,,39
Aninha,2024-11-12 01:41:08,,,5
Esther,2023-10-10 13:00:52,,,71
Kiwi,2025-01-10 18:00:40,,,337
Luck,2023-10-12 12:17:43,,,49
Naomí,2023-10-12 12:15:53,,,85
Thiago Ribeiro,2025-02-27 19:03:01,2025-02-27,"DataAnalyst
data",473
Ken,2024-09-19 01:14:01,2024-09-19,,53
Lian,2025-03-01 20:08:50,,,0
TOP,2024-09-19 00:25:42,,,48
Chatpdf,2024-04-29 11:07:59,2024-04-28,"Ferramentas
data",24
Cor invertida,2024-04-29 00:42:10,2024-04-28,,17
Everycircuit,2024-12-31 01:32:45,2024-04-28,Eletrônica,30
Ferramentas para design de circuitos eletrônicos,2024-04-29 00:34:48,2024-04-28,"Eletrônica
data",57
Glassdoor,2025-04-21 19:48:28,2025-04-21,,24
intervals.icu,2024-12-31 01:25:00,2024-04-28,"Fitness
data",23
NetLab,2025-05-13 21:13:43,2025-05-13,DataAnalyst,14
Paperzonevn,2024-12-31 01:32:33,2024-04-28,"Arte
data",18
Paper✂️Maker,2025-04-22 23:49:00,2025-04-22,"Arte
data",15
perplexity,2024-08-05 21:37:01,2024-04-28,,15
PHET,2025-04-24 23:45:30,2025-04-24,,15
Playgraund,2024-08-05 02:04:11,2024-04-28,,15
ranking de banco de dados,2025-02-18 21:23:19,2024-04-28,,17
Scispace,2024-05-02 10:54:56,2024-04-28,Aprendizado,19
Silver Bolleting,2025-04-22 19:14:23,2025-04-22,,19
Sites para pesquisar artigos,2024-12-31 01:32:49,2024-04-28,"Utilidades
data",12
Status invest,2024-12-31 01:33:01,2024-04-28,"Economia
data",19
Suno.io,2024-12-31 01:33:11,2024-04-28,"Interesante
data",23
tempo.com,2024-04-29 00:36:29,2024-04-28,,54
Towards,2025-04-15 10:40:22,2025-04-15,,17
trends,2025-04-25 20:23:25,2025-04-25,,22
Video highlight,2024-04-29 11:06:23,2024-04-28,"Ferramentas
data",16
WordStat,2025-04-07 10:47:11,2025-04-07,,49
D Cientista de Dados financeiro,2024-09-29 00:01:27,2024-09-28,DataAnalyst,205
87 DICAS OBSIDIAN Do Iniciante ao Avançado  Tutorial Obsidian,2024-12-30 20:52:46,2024-04-28,Aprendizado,976
A arte e a ciência de MEMORIZAR qualquer coisa,2024-08-17 19:27:21,2024-04-28,Aprendizado,46
A Física da Neurociências,2024-06-08 19:17:01,2024-04-28,Física,270
A MELHOR FORMA DE CHEGAR EM QUEM VOCÊ TÁ A FIM Marcos Lacerda psicólogo,2024-12-31 01:33:24,2024-04-28,"Psicologia
data",72
Adeus verbo to be,2025-08-09 01:45:14,2024-04-28,"Inglês
data",450
Anotações escritas ou digitadas,2024-11-15 16:55:34,2024-04-28,"Aprendizado
data",135
APRENDA INGLÊS SOZINHO e de GRAcA,2024-11-15 17:03:33,2024-04-28,,519
APRENDA INGLÊS SOZINHO e de GRAÇA,2024-08-21 00:24:53,2024-04-28,"Aprendizado
data",367
Como e quais componentes guardar de sucata,2024-05-05 00:33:05,2024-04-28,"Eletrônica
data",64
COMO ESTUDAR POR PDF USANDO INTELIGÊNCIA ARTIFICIAL - UPDF,2024-05-04 00:45:36,2024-04-26,"Aprendizado
data",66
Como ganhar DINHEIRO ONLINE (fazendo freelance),2024-12-31 01:33:44,2024-04-28,"Venda
data",356
"Como Magnetizar e Desmagnetizar ferramentas de forma CORRETA, com um pequeno dispositivo!🧲",2024-04-27 00:26:51,2024-04-27,,49
Curso de Mineração de Sentenças,2024-11-28 21:44:05,2024-04-28,,61
Engenharia de prompt,2024-12-31 01:33:55,2024-05-07,"IA
data",98
Equipamentos & Ferramentas - Software para Controle de Componentes Eletrônicos “com algo a mais”,2024-12-31 01:37:07,2024-04-28,"Eletrônica
data",63
Evidência suprimida (Cherry picking),2024-05-03 11:27:29,2024-04-28,,39
Fazemos algo surreal ao falar português!,2024-12-31 01:35:01,2024-04-28,"Português
data",43
From Paper to Bionics Origami's Incredible Impact on Science  FD Engineering,2024-04-30 12:53:51,2024-04-28,,1445
Github com Alexandre,2024-12-10 21:27:58,2024-04-28,"Programação
data",35
Improvisando o Mundo.,2025-03-18 00:07:39,,,245
Método SQ3R,2024-08-18 00:45:19,2024-04-28,,132
Onde comprar componentes br,2025-03-27 23:41:31,2024-04-28,,753
Onde mando fabricar minhas PCBs,2025-03-19 23:18:09,2024-04-28,"Eletrônica
data",42
Por que comemos sempre a mesma coisa,2024-03-06 00:51:09,,,119
Por que pessoas BURRAS se acham INTELIGENTES,2024-04-09 01:01:06,2024-04-08,"Aprendizado
data",38
Qual é a VELOCIDADE da ELETRICIDADE,2024-04-24 00:22:15,2024-04-24,,76
Transístor Explicado - Como funcionam os transístores,2024-09-12 20:53:29,2024-04-28,"Eletrônica
data",252
"Water Shortages Using 20,000 Volts",2025-02-21 14:22:23,2024-04-28,,464
What Everyone Gets Wrong About AI and Learning,2025-07-18 00:52:36,2025-07-18,,43
Zettelkasten,2024-04-07 23:09:29,,,104
Selenium com Python 01,2025-02-06 20:10:43,2024-04-28,,30
Selenium com Python 02,2025-02-06 21:20:53,2024-04-28,,309
Selenium com Python,2025-02-06 19:41:51,2024-04-28,,35
Coisa que quero por em uma mesa.,2025-04-20 21:02:48,2025-04-20,,34
Comidas,2025-07-01 13:42:27,,,5
IA Gemini,2025-05-27 18:11:22,,,326
Jogos,2025-06-12 20:07:58,,,211
Quem eu sou,2025-07-23 19:31:53,2025-05-06,,5972
Concertei extenção,2024-04-24 17:30:13,2024-04-24,"Eletrônica
data",20
Concertei minha lanterna,2024-04-24 18:52:52,2024-04-24,"Eletrônica
data",26
Concertei teclado,2024-05-01 16:33:37,2024-05-01,"Eletrônica
data",44
Fiz fios jacarés,2024-04-24 19:00:35,2024-04-24,"Eletrônica
data",21
Melhorei os estiletes.,2024-12-31 01:35:26,2024-04-24,"Ferramentas
data",16
Pasta para soldar,2024-04-24 17:30:56,2024-04-24,"Eletrônica
data",14
Pegador de acerolas,2024-04-24 19:01:21,2024-04-24,,10
Planos para Luminária,2024-05-07 21:04:12,2024-05-04,Eletrônica,114
300% Fruta,2025-09-17 13:58:29,2025-09-17,,183
Ar condicionado base agua,2025-02-21 14:22:48,2025-02-21,"Comando
data",6
Armazenamento infinito,2025-04-07 10:27:28,2025-04-07,,46
Avalia qual ou quais compreessões,2024-08-23 21:22:49,,,0
Avaliador de livros,2024-09-03 01:39:36,2024-08-29,,167
Aviãozin,2025-06-30 17:15:53,,,15
Ações,2024-12-31 01:35:36,2024-07-17,"Investimento
data",41
Busca lexical contextual.,2025-08-12 16:59:22,,,72
Cameras avô,2025-02-10 16:14:52,2025-02-08,,337
Corretor de redações e plotador de erros,2024-11-10 17:38:02,2024-11-10,DataAnalyst,14
Criador de palavras que faltam,2024-08-29 17:47:21,2024-08-29,,58
Detector de circuitos,2024-12-31 01:37:02,2024-05-30,"Eletrônica
data",49
Empresa comunista.,2025-02-19 00:57:05,2025-02-19,,78
Excel para controle de estoque,2024-05-05 23:59:47,2024-05-05,"Ferramentas
data",35
Gerador de diagrama crochet,2024-09-04 01:14:00,2024-09-04,,46
Gráficos para csv,2024-08-19 18:47:13,2024-08-19,,16
Hipoteses,2024-11-24 23:08:42,2024-11-24,"ideias
data",14
Ia que lê livros,2025-05-27 21:58:45,2025-05-27,,175
Kit completo,2025-04-06 21:16:56,2025-04-06,,31
Limpardor a jato,2025-04-27 16:55:25,2025-04-27,,29
Livro = astronauta na terra,2024-07-29 00:51:59,2024-07-29,,93
Livro = Beleza,2024-07-29 01:58:18,2024-07-29,,169
Livros en pt,2025-02-01 21:49:09,2025-02-01,,441
Luva com leds,2025-04-21 01:27:57,2025-04-21,,20
Medidor de densidade de área,2025-07-17 11:26:38,2025-07-17,,113
Medidor de peso com a variação da capacitancia.,2024-05-12 00:48:54,2024-05-12,"Eletrônica
data",68
Multpesquisador,2024-08-10 10:55:38,,,61
Notebook,2025-02-04 17:11:02,,,18
Optimização automatica,2025-04-23 20:45:58,2025-04-23,"Python
data",140
Ordenador de word,2024-08-30 01:59:15,2024-08-30,,47
PoC antes da NLU,2025-08-13 14:22:28,,,48
POMI,2025-08-14 01:19:20,2025-07-15,,1135
Ponteira heat pipe,2024-04-24 23:15:55,2024-04-24,Eletrônica,38
Previsão de demanda para cadeias de suprimentos,2024-08-19 19:26:59,2024-08-19,Programação,17
Transformar celular em um arduino.,2025-05-10 23:28:35,2024-05-12,"Eletrônica
data",132
Trayler,2024-06-15 01:31:53,2024-06-09,C,122
alfabeto,2025-08-09 01:59:29,,,632
Emoção,2024-11-26 16:55:26,2024-11-26,"Psicologia
data",52
RPD,2024-11-26 16:57:16,2024-11-26,"Psicologia
data",90
Drawing 2025-03-18 21.32.52.excalidraw,2025-03-18 21:32:52,,,45
Drawing 2025-06-22 20.11.20.excalidraw,2025-06-22 20:15:39,,,736
drop_na,2025-03-18 21:18:13,,,0
Limpeza.excalidraw,2025-03-18 21:31:59,,,286
Sem título,2025-03-18 21:16:26,,,0
Sumário,2025-05-02 20:18:49,,,41088
001 Sumário,2025-05-02 19:13:24,,,16128
001 Sumário,2025-05-02 18:25:41,,,12220
001 Sumário,2025-06-20 20:48:25,,,2519
Guia de Cálculo para DS,2025-06-20 22:50:03,,,3970
001 Sumário,2025-05-02 20:16:08,,,10221
Estudo Comando,2025-01-25 19:14:48,,"Comando
data",4
Estudo,2024-09-20 19:25:10,,,3
Nota diaria,2023-09-27 20:21:44,,,2
Pessoas,2023-09-27 21:19:11,,,48
pret,2024-09-19 00:29:40,,,30
Sites,2025-04-07 10:46:51,,,5
Vídeo,2025-07-12 21:46:43,,,5
Reset LaTeX Size,2025-07-01 19:06:02,,,130
