Nome da Nota,Data da √öltima Modifica√ß√£o,Data da Nota,Tags,Contagem de Palavras,Links
",pop",2024-11-13 19:18:02,2024-11-13,Python,108,0
Discretiza√ß√£o,2024-10-23 22:38:25,2024-10-23,DataAnalyst,28,0
EDA,2024-12-03 20:17:55,2024-12-03,"DataAnalyst
data",158,8
Indu√ß√£o,2024-10-29 00:40:58,2024-10-29,DataAnalyst,132,6
o'clock,2024-11-22 19:12:45,2024-11-22,"Word
data",26,2
quantidade de palavras,2024-11-28 21:44:47,,,592,0
Sem t√≠tulo,2024-11-22 18:12:19,,,0,0
Tripleten,2024-10-29 22:06:49,2024-10-29,DataAnalyst,97,0
vxcvx.gif,2024-12-10 15:36:49,,,0,0
A√ß√µes,2024-07-17 01:04:31,,,0,0
Terrawwwwwww,2024-07-15 01:06:40,,,0,0
Terrawwwwwwwwwww,2024-07-15 01:07:32,,,0,0
Terrawwwwwwwwwwww2w22wwwwwww,2024-07-15 01:05:14,,,0,0
Terrawwwwwwwwwwwww,2024-07-15 01:08:00,,,0,0
Terrawwwwwwwwwwwwwww,2024-07-15 01:08:33,,,0,0
Cheklist,2024-12-03 23:22:41,,,298,14
Organiza√ß√£o da organiza√ß√£o,2024-10-18 17:26:56,,,17,3
O voto n√£o √© o que voc√™ pensa.,2024-09-19 18:52:16,,,2732,0
300 palavras basicas,2024-12-06 23:40:21,,,3738,0
Anki,2024-11-28 19:55:21,,,33,1
DA,2024-11-19 19:52:27,2024-11-19,"DataAnalyst
data",112,0
Eniglish,2024-11-26 17:51:32,,,206,1
Gr√°fico,2024-11-15 21:16:00,2024-11-15,,5,0
Python,2024-12-12 22:59:18,2024-11-15,,120,1
pythonloco,2024-11-19 21:32:56,,,4296,0
01,2024-12-08 23:57:27,2024-12-08,,179,13
Alfabeto,2024-11-15 18:20:42,2024-04-28,Ingl√™s,290,0
Articles,2024-11-27 01:13:28,2024-11-27,"Ingl√™s
data",7,1
Fon√©tica das palavras com ch,2024-11-17 22:38:59,2024-04-28,"Ingl√™s
data",62,0
"in, on e at(para lugar)",2024-11-22 18:08:06,2024-11-20,Conceito,75,0
"in, on e at(para tempo)",2024-11-22 19:21:47,2024-11-20,C,259,3
Noun,2024-11-27 01:12:12,,,1,1
Object of the sentence,2024-11-26 18:43:35,2024-11-26,Ingl√™s,84,0
Phonetics,2024-11-27 01:13:29,,,0,0
Posi√ß√µes,2024-12-18 00:40:09,2024-11-21,Ingl√™s,202,30
Pronome,2024-11-26 20:03:06,2024-11-26,"Conceito
data",170,2
Sem t√≠tulo,2024-11-26 18:29:06,,,0,0
Verbs,2024-11-18 17:57:17,2024-11-18,Regra,198,1
Color,2024-12-01 23:38:35,2024-12-01,"Word
data",438,0
Days of the week,2024-12-01 23:44:45,2024-12-01,"Word
data",48,0
evening,2024-11-22 19:04:14,2024-11-22,"Word
data",46,0
Months and Seasons,2024-12-02 00:22:34,2024-12-01,"Word
data",161,0
noon,2024-11-22 18:15:52,2024-11-22,"Word
data",11,0
Numbers,2024-12-08 23:47:27,2024-12-03,"Word
data",268,0
N√£o sei,2024-12-29 00:35:28,2024-11-29,"Ingl√™s
data",17,0
Conjunto dos inteiros,2023-09-29 23:31:25,,,162,0
Conjunto dos Irracionais,2023-10-03 10:31:33,,,91,0
Conjunto dos Racionais,2023-09-29 23:45:07,,,182,0
Conjunto dos reais,2023-09-29 23:34:58,,,162,0
Conjuntos dos naturais,2023-09-29 23:31:16,,,130,2
Conjuntos num√©ricos,2024-04-21 22:40:53,,,51,5
Sem t√≠tulo,2024-10-25 00:13:56,,,54,0
Fundamentos da matem√°tica elementar V1,2024-11-09 17:58:22,,,17,1
Nega√ß√£o(~),2024-10-25 00:53:34,2024-10-25,Matem√°tica,43,2
Proposi√ß√£o composta,2024-11-09 18:15:36,2024-11-09,,50,1
Proposi√ß√£o,2024-10-25 00:44:52,2024-10-25,Matem√°tica,188,7
Vari√°veis,2024-11-11 21:14:26,2024-11-11,Programa√ß√£o,40,2
Algoritmos de memoriza√ß√£o,2024-08-17 19:36:45,2024-08-17,Aprendizado,10,1
Breu,2024-04-24 19:28:59,2024-04-24,,34,1
Como eu estudo,2024-08-22 22:47:54,2024-08-21,"Aprendizado
data",83,2
Hidro-semeadura,2024-04-20 22:27:36,,,0,0
Leitura do Coruja,2024-04-30 00:44:42,2024-04-30,,34,1
Major System,2024-08-17 19:57:31,2024-08-17,Aprendizado,171,0
Pal√°cio da mem√≥ria,2024-08-17 19:50:54,2024-08-17,Aprendizado,137,1
RGB,2024-04-09 11:22:35,2024-04-09,Eletr√¥nica,45,1
Plano inicial,2024-05-23 01:42:19,2024-05-23,,45,0
Suplementos,2024-06-30 18:45:36,2024-06-24,,111,1
Zonas,2024-06-24 00:57:01,2024-06-22,,180,2
Perguntas Abertas,2023-11-03 11:38:07,,,33,0
corrente,2024-04-25 01:01:47,2024-04-25,"Eletr√¥nica
data",26,2
Current sink,2024-05-25 21:00:23,2024-05-25,"Eletr√¥nica
data",19,2
Current source,2024-05-25 21:00:33,2024-05-25,"Eletr√¥nica
data",19,2
Integra√ß√£o dos componentes,2024-04-19 23:40:16,,,59,6
Kirchhoff,2024-04-14 22:17:50,2024-04-14,"Eletr√¥nica
data",27,2
lei de kirchhoff das tens√µes,2024-04-18 12:03:35,2024-04-14,"Eletr√¥nica
data",29,3
lei de ohm,2024-04-14 21:41:23,2024-04-07,"Eletr√¥nica
data",16,4
Metas,2024-05-29 23:44:56,,,85,7
ohms,2024-04-16 00:31:58,2024-04-16,"Eletr√¥nica
data",31,1
Resistor de pull up,2024-05-27 21:27:00,2024-05-27,"Eletr√¥nica
data",31,3
resistores de leds,2024-04-14 20:42:51,2024-04-08,"Eletr√¥nica
data",242,15
Resist√™ncia,2024-04-18 12:09:30,2024-04-16,"Eletr√¥nica
data",33,2
ten√ß√£o,2024-04-25 00:50:38,2024-04-16,"Eletr√¥nica
data",92,4
TRI-STATE,2024-05-25 20:51:45,2024-05-25,"Eletr√¥nica
data",58,4
"CRISTAL OSCILADOR EXTERNO, POLLING Curso de PIC 005",2024-06-09 00:05:33,2024-04-28,Eletr√¥nica,150,9
ENTRADAS DIGITAIS  Curso de PIC 004,2024-06-08 21:58:01,2024-04-28,"Eletr√¥nica
data",187,19
"FUS√çVEIS, DATASHEET, SOFTWARE DE SIMULA√á√ÉO",2024-05-25 20:03:52,2024-04-28,"Eletr√¥nica
data",378,24
GRAVANDO O PRIMEIRO PIC 12F675  Curso de PIC 003,2024-05-27 21:36:13,2024-04-28,Eletr√¥nica,234,21
INTRODU√á√ÉO PIC16F84A Curso de PIC,2024-05-25 20:59:58,2024-04-28,Eletr√¥nica,143,17
Bobina ou Indutor,2024-04-22 00:09:49,2024-04-17,"Eletr√¥nica
data",145,24
Capacitor,2024-04-18 12:12:52,2024-04-17,"Eletr√¥nica
data",120,19
Chaves com mem√≥ria,2024-05-03 22:12:01,2024-05-03,"Eletr√¥nica
data",41,1
Chaves Moment√¢neas,2024-05-03 22:05:09,2024-05-03,"Eletr√¥nica
data",33,0
Chaves,2024-05-03 22:11:04,2024-05-03,"Eletr√¥nica
data",49,6
componente,2024-07-15 01:09:02,2024-04-16,"Eletr√¥nica
data",63,17
diodo,2024-05-03 21:40:00,2024-04-27,"Eletr√¥nica
data",185,24
EEPROM,2024-05-27 20:20:37,2024-05-25,"Eletr√¥nica
data",36,4
LED,2024-04-14 21:38:41,2024-04-09,"Eletr√¥nica
data",20,2
Mem√≥ria,2024-05-27 20:17:49,2024-05-27,"Eletr√¥nica
data",44,10
Resistor,2024-05-08 00:19:33,2024-04-14,,79,18
Sensores,2024-05-09 01:08:36,2024-05-08,,114,9
Solda,2024-04-18 12:06:34,2024-04-16,"Eletr√¥nica
data",101,5
Terra,2024-04-25 00:52:00,2024-04-25,"Eletr√¥nica
data",53,1
Transistor,2024-05-03 23:43:12,2024-04-30,"Eletr√¥nica
data",102,21
Comandos,2024-05-15 20:41:41,2024-05-15,,28,1
Pick devices,2024-05-27 21:39:21,2024-05-15,,40,8
Quais consigo fazer.,2024-08-05 02:19:45,2024-08-04,,30,6
Quais vou fazer,2024-08-27 20:34:35,2024-08-27,,11,1
Metas,2024-05-07 21:10:47,2024-05-07,,28,1
Papel alum√≠nio,2024-05-07 23:53:41,2024-05-07,,68,5
PVC,2024-05-07 21:02:29,2024-05-07,,48,3
Super cola,2024-05-07 21:07:49,2024-05-07,"Maker
data",31,2
Coisas a fazer,2024-07-12 21:53:08,,,23,0
Exercicios,2024-09-05 18:05:24,2024-08-17,,281,3
Vida 1,2024-08-08 20:13:06,,,0,0
Acentua√ß√£o,2024-09-21 23:16:08,,,237,9
Adjetivo,2023-11-02 10:40:21,,,3,0
Artigo,2023-11-02 10:34:00,,,134,9
Classe de palavras,2023-10-25 19:02:03,,,37,10
Classifica√ß√£o das consoantes,2023-10-06 10:40:36,,,35,4
Classifica√ß√£o das vogais,2023-09-28 23:15:23,,,34,4
Composi√ß√£o,2023-10-17 10:31:09,,,95,1
Diss√≠laba,2023-10-21 11:41:20,,,19,1
Ditongo,2023-10-02 10:17:31,,,99,10
dupla pros√≥dia,2023-10-01 20:02:34,,,110,0
D√≠grafo,2023-09-28 10:21:00,,,30,2
D√≠grafos consonantais,2023-09-28 10:29:25,,,63,0
D√≠grafos voc√°licos,2023-09-28 10:20:54,,,52,0
Emprego do E,2023-10-14 10:48:52,,,105,3
Emprego do G,2023-10-14 10:29:02,,,95,1
Emprego do H,2024-04-24 00:35:46,,,243,8
Emprego do H√≠fen,2023-10-17 10:07:02,,,3,0
Emprego do I,2023-10-14 11:16:16,,,110,3
Emprego do J,2023-10-13 10:51:42,,,106,0
Emprego do S,2024-04-24 00:35:46,,,308,3
Emprego do SC,2024-04-24 00:35:46,,,179,5
Emprego do SS,2023-10-12 11:20:41,,,161,0
Emprego do X ou CH,2023-10-16 20:36:45,,,197,4
Emprego do XC,2023-10-17 09:46:12,,,68,1
Emprego do Z,2023-10-12 11:10:33,,,230,6
Emprego do √á,2023-10-12 11:31:07,,,133,3
Encontros consonantais,2023-10-06 11:06:56,,,186,8
Encontros voc√°licos,2023-10-02 10:29:11,,,24,4
Fonemas consonantais,2023-09-28 10:42:40,,,76,0
Fonemas voc√°licos,2023-09-28 10:35:47,,,46,0
fonemas,2023-09-28 10:49:01,,,43,0
Fonologia,2023-09-28 10:20:51,,,10,1
Formas variante,2023-10-17 09:48:28,,,90,0
Forma√ß√£o de palavras,2024-05-05 00:17:41,,,114,9
Hiato,2023-10-06 23:27:43,,,23,2
Hom√¥nimos,2023-10-17 09:57:26,,,242,0
Interpreta√ß√£o x Compreender,2023-10-25 19:18:25,,,204,13
Monoss√≠laba,2023-10-01 22:46:51,,,26,3
Nasal,2023-10-02 10:01:00,,,49,1
Oral,2023-10-02 09:59:47,,,28,1
Ortografia,2023-10-17 10:02:09,,,341,17
Orto√©pia,2024-12-04 21:40:07,,,47,0
Ox√≠tonas,2023-09-30 10:54:54,,,23,0
Palavras de uma mesma fam√≠lia,2023-10-14 11:18:11,,,70,0
Palavras derivadas,2023-10-14 10:03:32,,,0,0
Parox√≠tonas,2023-09-30 10:48:05,,,22,0
Par√¥nimos,2023-10-17 09:55:27,,,290,0
Poliss√≠laba,2023-09-28 23:45:04,,,28,1
prefixo,2023-10-14 10:48:55,,,0,0
Primeira leitura,2023-10-25 17:45:00,,,16,1
Proparox√≠tonas,2023-09-30 10:48:17,,,24,0
Pros√≥dia,2023-10-01 20:11:54,,,178,6
Quanto ao papel,2023-09-28 23:18:20,,,62,0
Quanto ao timbre,2023-09-28 23:14:45,,,54,0
Quanto √† intensidade,2023-09-28 23:21:16,,,33,0
Quanto √† zona de articula√ß√£o,2023-09-28 23:11:30,,,54,0
Segunda leitura,2023-10-25 17:52:44,,,20,7
Semivogal,2023-10-02 09:56:41,,,40,2
silabada,2023-10-01 19:47:27,,,18,1
Substantivo,2023-11-02 10:17:51,,,87,4
S√≠laba t√¥nica,2023-10-07 10:08:35,,,117,6
S√≠laba,2023-09-30 10:19:18,,,82,7
Translinea√ß√£o,2023-10-06 10:47:09,,,578,22
Triss√≠laba,2023-09-28 23:44:14,,,21,1
Tritongo,2023-10-02 10:28:10,,,84,3
T√¥nicos,2023-10-01 22:53:04,,,24,0
√Åtonos,2023-10-01 22:50:47,,,25,0
Freela,2024-12-02 21:00:47,2024-12-02,,9,0
minera√ß√£o de dado,2024-10-01 19:09:14,2024-10-01,DataAnalyst,55,0
Sites,2024-08-24 00:29:46,2024-08-24,,9,2
Geral,2024-08-31 01:17:01,2024-08-05,Datascience,86,17
An√°lise inicial do DF,2024-12-21 19:43:52,2024-12-21,,35,0
churn,2024-11-11 21:35:40,2024-11-11,DataAnalyst,42,0
Coeficiente de correla√ß√£o linear,2024-12-18 00:36:32,2024-12-18,Gr√°fico,257,1
Engenharia de caracter√≠sticas,2024-12-28 15:51:57,2024-12-27,"Conceito
data",36,7
Import√¢ncia do grafico,2024-12-05 18:58:41,2024-12-05,,40,1
Outliers,2024-12-21 19:36:55,2024-12-21,Estat√≠stica,26,0
Rotatividade,2024-11-11 21:23:20,2024-11-11,DataAnalyst,27,1
Sem t√≠tulo,2024-11-11 21:17:58,,,0,0
Avaliar f√≥rmula,2024-09-12 00:17:13,2024-09-06,,18,0
DADADIF,2024-08-25 23:37:47,2024-08-25,"DataAnalyst
data",95,1
F4,2024-11-04 16:43:18,2024-11-04,"Comando
data",63,1
Fun√ß√£o TEXTO,2024-09-12 00:16:39,2024-09-06,,160,1
Fun√ß√£o.excel,2024-09-12 00:13:49,2024-08-25,,338,13
hlookup,2024-08-25 23:36:37,,,0,0
SE,2024-09-07 21:02:06,2024-08-25,"DataAnalyst
data",62,2
SEERRO,2024-09-12 00:22:57,2024-09-06,,59,0
Tabelas din√¢micas,2024-09-12 00:17:09,2024-09-07,,13,1
Vari√°veis no excel,2024-09-12 00:17:05,2024-09-06,,29,3
vlookup,2024-08-25 23:36:28,,,0,0
Acercamento,2024-09-12 16:09:15,2024-09-12,,42,2
Barras horizontais empilhadas,2024-09-12 00:18:21,2024-09-11,,18,1
Barras horizontais,2024-09-12 00:18:14,2024-09-11,,22,2
Barras verticais empilhadas,2024-09-12 00:18:03,2024-09-10,,59,3
Barras verticais,2024-09-12 00:17:57,2024-09-10,,25,1
Barras,2024-09-12 00:17:49,2024-09-10,,227,11
Causa e efeito,2024-12-17 20:38:20,2024-12-17,Gr√°fico,91,1
Conex√£o,2024-09-12 16:16:50,2024-09-12,,59,4
Continuidade,2024-09-12 16:14:45,2024-09-12,,54,2
Elementos de um Bom Gr√°fico,2024-12-17 20:38:10,2024-12-17,Gr√°fico,105,1
Exemplo de gr√°ficos,2024-09-21 19:30:02,2024-09-13,"DataAnalyst
data",307,25
Fechamento,2024-09-12 16:13:07,2024-09-12,,61,3
Gr√°fico de cascata,2024-09-12 00:18:08,2024-09-10,,33,2
Gr√°fico de dispers√£o,2024-09-07 17:49:50,2024-09-07,,72,4
Gr√°fico de inclina√ßao,2024-09-29 19:19:52,2024-09-29,,17,1
Gr√°fico de inclina√ß√£o,2024-09-12 00:16:12,2024-09-10,,105,4
Gr√°fico de linhas,2024-09-12 00:16:06,2024-09-10,,29,2
Gr√°fico de √Årea,2024-09-11 18:18:18,2024-09-11,,36,2
Gr√°ficos de dispers√£o,2024-12-18 19:34:52,2024-12-18,"Gr√°fico
data",112,4
Gr√°ficos ruins,2024-12-17 21:00:36,2024-12-17,Gr√°fico,40,1
Histograma,2024-12-20 19:28:58,2024-12-18,"Gr√°fico
data",92,7
Linhas,2024-09-12 00:16:03,2024-09-07,,13,2
Mapa de calor,2024-09-07 17:42:25,2024-09-07,,41,2
Matrizes de dispers√£o,2024-12-18 23:37:14,2024-12-18,"Conceito
data",151,3
Pontos,2024-09-12 00:15:58,2024-09-07,,11,1
Princ√≠pios da Gestalt,2024-09-12 17:53:47,2024-09-12,,44,8
Proximidade,2024-09-12 16:06:07,2024-09-12,,54,2
Similaridade,2024-09-12 16:07:30,2024-09-12,,36,2
Sites,2024-09-30 15:31:31,2024-09-29,,57,1
Tabela,2024-09-12 00:23:19,2024-09-07,,66,2
Texto simples,2024-09-07 17:17:35,2024-09-07,,61,3
Uso de anima√ß√£o nos visuais apresentados,2024-09-26 16:29:10,2024-09-26,"DataAnalyst
data",34,1
Exemplo de postes,2024-12-06 20:46:00,2024-12-06,,281,3
linkedin,2024-09-04 01:10:30,2024-08-31,,58,2
Network,2024-09-21 23:33:01,2024-09-21,"Networking
data",217,0
perguntas,2024-10-16 00:05:31,,,224,0
Sem t√≠tulo,2024-10-16 00:49:25,,,466,0
Torne-se parceiro do contato,2024-09-18 22:55:13,2024-09-18,"Networking
data",65,0
Big Data 2.0,2024-10-02 16:07:41,2024-10-02,DataAnalyst,51,2
Big Data vx minera√ß√£o de dados,2024-10-02 15:42:47,2024-10-02,DataAnalyst,49,2
correla√ß√µes,2024-10-04 17:58:33,,,1544,0
M√©todos Supervisionados vx N√£o Supervisionados,2024-10-07 17:49:42,2024-10-07,DataAnalyst,132,1
Porque n√£o √© manual mas,2024-10-05 20:48:20,2024-10-05,DataAnalyst,110,1
Publico,2024-10-05 20:38:38,2024-10-05,DataAnalyst,25,1
Storytelling,2024-09-25 18:30:35,2024-09-24,"DataAnalyst
data",370,6
T√°ticas,2024-09-25 19:00:43,2024-09-25,,167,9
Web 1.0 vx Web 2.0,2024-10-02 16:04:32,2024-10-02,"Programa√ß√£o
data",72,2
Gloss√°rio (data science para negocios),2024-10-29 00:25:31,2024-10-28,DataAnalyst,358,46
Palavras,2024-10-22 01:58:35,2024-10-22,,432,0
Perceptron e Aprendizado Supervisionado,2024-10-08 23:56:05,2024-10-08,DataAnalyst,667,0
Problemas b√°sicos,2024-10-04 00:08:26,2024-10-04,,490,0
Problemas de Morfologia,2024-10-04 00:46:14,2024-10-04,DataAnalyst,1102,0
REsumo,2024-10-01 22:51:35,2024-10-01,"DataAnalyst
data",383,2
Abstra√ß√£o,2024-08-10 23:20:49,2024-08-10,Programa√ß√£o,74,3
Atributos,2024-11-14 22:01:16,2024-08-10,Programa√ß√£o,58,8
Classes,2024-08-10 22:25:59,2024-08-10,,104,5
Construtor,2024-10-13 00:26:12,2024-08-12,Programa√ß√£o,129,8
Inst√¢ncia,2024-08-10 21:17:09,2024-08-10,,64,3
M√©todos,2024-08-16 00:18:33,2024-08-15,Python,19,4
Objetos,2024-08-10 21:19:04,2024-08-10,,16,1
Private,2024-08-13 23:40:57,2024-08-13,Programa√ß√£o,63,7
Programa√ß√£o Orientada a Objetos (POO),2024-08-16 00:26:05,2024-08-10,,308,17
An√°lise de E-commerce,2024-10-27 20:40:54,,,469,0
Atributo,2024-11-15 21:24:12,2024-11-14,Conceito,31,1
Composi√ß√£o p,2024-08-13 22:50:23,2024-08-13,POO,130,5
Instru√ß√£o,2024-11-13 19:24:46,2024-11-13,"Conceito
data",51,20
M√©todo,2024-11-13 19:25:11,2024-11-13,,102,37
Objetos s√£o acessado por endere√ßos,2024-08-12 20:55:24,2024-08-12,Python,148,2
Aula (10),2024-08-07 14:49:38,2024-08-06,,107,0
Aula (100),2024-08-08 19:29:39,2024-08-06,,275,0
Aula (101),2024-08-08 19:30:57,2024-08-06,,212,0
Aula (102),2024-08-08 19:33:00,2024-08-06,,208,0
Aula (103),2024-08-08 19:34:32,2024-08-06,,191,0
Aula (104),2024-08-08 19:36:43,2024-08-06,,179,1
Aula (105),2024-08-08 19:38:40,2024-08-06,,292,0
Aula (106),2024-08-08 19:51:51,2024-08-06,,233,1
Aula (11),2024-08-07 14:51:26,2024-08-06,,46,1
Aula (12),2024-08-07 14:55:45,2024-08-06,,81,0
Aula (13),2024-08-07 14:57:31,2024-08-06,,68,0
Aula (14),2024-08-07 14:58:54,2024-08-06,,61,0
Aula (15),2024-08-07 15:00:30,2024-08-06,,183,0
Aula (16),2024-08-07 15:02:19,2024-08-06,,108,0
Aula (17),2024-08-07 15:14:36,2024-08-06,,92,0
Aula (18),2024-08-07 15:17:58,2024-08-06,,132,0
Aula (19),2024-08-07 15:19:16,2024-08-06,,128,0
Aula (20),2024-08-07 15:21:02,2024-08-06,,119,0
Aula (21),2024-08-07 15:22:12,2024-08-06,,172,0
Aula (22),2024-08-07 15:25:07,2024-08-06,,163,0
Aula (23),2024-08-07 15:26:30,2024-08-06,,125,0
Aula (24),2024-08-07 15:28:21,2024-08-06,,99,0
Aula (25),2024-08-07 15:29:37,2024-08-06,,205,0
Aula (26),2024-08-07 16:51:15,2024-08-06,,195,0
Aula (27),2024-08-07 16:49:44,2024-08-06,,192,0
Aula (28),2024-08-06 16:35:42,2024-08-06,,7,0
Aula (29),2024-08-07 16:54:04,2024-08-06,,203,0
Aula (30),2024-09-12 00:20:01,2024-08-06,,108,0
Aula (31),2024-08-07 16:56:47,2024-08-06,,153,0
Aula (32),2024-08-07 16:57:44,2024-08-06,,176,0
Aula (33),2024-08-07 16:58:59,2024-08-06,,238,0
Aula (34),2024-08-07 17:01:03,2024-08-06,,200,0
Aula (35),2024-08-07 17:01:49,2024-08-06,,171,0
Aula (36),2024-08-07 17:17:09,2024-08-06,,306,0
Aula (37),2024-08-07 17:19:25,2024-08-06,,288,0
Aula (38),2024-08-07 17:20:53,2024-08-06,,177,0
Aula (39),2024-08-07 17:23:35,2024-08-06,,152,0
Aula (40),2024-08-07 17:25:48,2024-08-06,,230,0
Aula (41),2024-08-07 17:26:47,2024-08-06,,123,0
Aula (42),2024-08-06 16:35:42,2024-08-06,,7,0
Aula (43),2024-08-07 17:28:18,2024-08-06,,213,0
Aula (44),2024-08-07 17:29:37,2024-08-06,,256,0
Aula (45),2024-08-07 17:31:24,2024-08-06,,229,0
Aula (46),2024-08-07 17:32:51,2024-08-06,,143,0
Aula (47),2024-08-07 17:34:00,2024-08-06,,156,0
Aula (48),2024-08-07 17:35:31,2024-08-06,,181,0
Aula (49),2024-08-07 17:56:22,2024-08-06,,139,0
Aula (5),2024-08-06 18:16:34,2024-08-06,,170,0
Aula (50),2024-08-07 17:57:51,2024-08-06,,138,0
Aula (51),2024-08-07 17:59:54,2024-08-06,,191,0
Aula (52),2024-08-07 18:01:17,2024-08-06,,157,0
Aula (53),2024-08-07 18:11:05,2024-08-06,,110,0
Aula (54),2024-08-07 18:12:19,2024-08-06,,241,0
Aula (55),2024-08-07 18:13:13,2024-08-06,,205,0
Aula (56),2024-08-07 18:14:38,2024-08-06,,403,0
Aula (57),2024-08-07 18:27:55,2024-08-06,,76,0
Aula (58),2024-08-07 18:29:14,2024-08-06,,317,0
Aula (59),2024-08-07 18:31:42,2024-08-06,,482,0
Aula (6),2024-08-07 14:39:55,2024-08-06,,159,0
Aula (60),2024-08-07 18:33:16,2024-08-06,,213,0
Aula (61),2024-08-07 18:34:38,2024-08-06,,151,0
Aula (62),2024-08-07 18:35:56,2024-08-06,,260,0
Aula (63),2024-08-07 18:37:58,2024-08-06,,380,0
Aula (64),2024-08-07 18:39:46,2024-08-06,,169,0
Aula (65),2024-08-07 18:41:26,2024-08-06,,380,0
Aula (66),2024-08-07 18:43:36,2024-08-06,,154,0
Aula (67),2024-08-07 18:45:02,2024-08-06,,260,0
Aula (68),2024-08-07 18:47:15,2024-08-06,,333,0
Aula (69),2024-08-07 19:28:36,2024-08-06,,396,0
Aula (7),2024-08-07 14:42:47,2024-08-06,,115,0
Aula (70),2024-08-08 18:16:35,2024-08-06,,327,0
Aula (71),2024-08-08 18:17:41,2024-08-06,,253,0
Aula (72),2024-08-08 18:19:33,2024-08-06,,235,0
Aula (73),2024-08-08 18:21:23,2024-08-06,,225,0
Aula (74),2024-08-08 18:22:15,2024-08-06,,161,0
Aula (75),2024-08-08 18:23:22,2024-08-06,,226,0
Aula (76),2024-08-08 18:29:12,2024-08-06,,242,0
Aula (77),2024-08-08 18:32:36,2024-08-06,,224,0
Aula (78),2024-08-08 18:26:32,2024-08-06,,340,0
Aula (79),2024-08-08 18:33:37,2024-08-06,,400,0
Aula (8),2024-08-07 14:43:56,2024-08-06,,259,0
Aula (80),2024-08-08 18:41:16,2024-08-06,,300,0
Aula (81),2024-08-08 18:42:40,2024-08-06,,213,0
Aula (82),2024-08-08 18:45:06,2024-08-06,,259,0
Aula (83),2024-08-08 18:46:42,2024-08-06,,152,0
Aula (84),2024-08-08 18:48:28,2024-08-06,,406,0
Aula (85),2024-08-08 18:50:41,2024-08-06,,218,1
Aula (86),2024-08-08 18:52:00,2024-08-06,,252,1
Aula (87),2024-08-08 18:53:32,2024-08-06,,423,0
Aula (88),2024-08-08 18:56:37,2024-08-06,,483,0
Aula (89),2024-08-08 18:57:42,2024-08-06,,354,0
Aula (9),2024-08-07 14:45:05,2024-08-06,,95,0
Aula (90),2024-08-08 18:59:31,2024-08-06,,159,0
Aula (91),2024-08-08 19:17:32,2024-08-06,,293,0
Aula (92),2024-08-08 19:18:51,2024-08-06,,198,0
Aula (93),2024-08-08 19:20:03,2024-08-06,,418,0
Aula (94),2024-08-08 19:20:54,2024-08-06,,345,0
Aula (95),2024-08-08 19:22:01,2024-08-06,,476,0
Aula (96),2024-08-08 19:23:07,2024-08-06,,153,0
Aula (97),2024-08-08 19:24:37,2024-08-06,,99,0
Aula (98),2024-08-08 19:26:25,2024-08-06,,382,0
Aula (99),2024-08-08 19:28:43,2024-08-06,,297,0
Python Code for Finding the Successor of an Integer,2024-08-09 23:08:40,2024-08-06,,170,0
",get",2024-11-13 19:18:19,2024-11-13,Python,94,0
@atributo.setters e getters,2024-08-16 00:37:09,2024-08-15,POO,148,2
@property,2024-08-15 23:33:54,2024-08-15,Python,122,4
Argumento,2024-11-16 00:02:07,2024-11-15,Conceito,19,2
Decorador,2024-08-16 00:27:58,2024-08-15,Python,14,2
Fun√ß√£o,2024-11-15 23:52:02,2024-11-14,Comando,15,3
Par√¢metro,2024-11-16 00:03:55,2024-11-15,Conceito,47,2
pptint(),2024-08-26 01:20:22,2024-08-26,Programa√ß√£o,41,0
Private em python,2024-08-13 23:42:51,2024-08-13,Python,146,0
__dict__,2024-08-13 23:30:27,2024-08-13,Python,101,4
to int,2024-12-26 20:42:49,2024-12-26,"Conceito
data",55,6
",'hist'",2024-12-20 19:56:59,2024-12-20,,69,3
",bar",2024-12-29 23:11:10,2024-12-29,"Comando
data",117,0
",legend",2024-12-18 21:58:37,2024-12-18,"Comando
data",43,1
",plot",2024-12-17 22:55:08,2024-12-14,Gr√°fico,97,8
",scatter_matrix",2024-12-20 20:57:34,2024-12-20,"Comando
data",93,1
",show",2024-12-14 22:27:08,2024-12-14,Gr√°fico,17,0
",title=",2024-12-17 22:20:17,2024-12-14,Gr√°fico,24,1
",xlabel= or ,ylabel=",2024-12-17 22:51:42,2024-12-14,Gr√°fico,38,1
",xlim= e ,ylim=",2024-12-17 22:53:03,2024-12-14,"Gr√°fico
data",61,1
alpha=,2024-12-17 23:32:40,2024-12-17,"Comando
data",30,1
bind=,2024-12-20 19:33:10,2024-12-20,"Comando
data",6,0
figsize=,2024-12-17 22:59:43,2024-12-14,Gr√°fico,64,1
grid=,2024-12-14 21:52:04,2024-12-14,Gr√°fico,15,0
kind=,2024-12-17 23:35:50,2024-12-17,Gr√°fico,144,9
legend=,2024-12-17 23:02:38,2024-12-14,Gr√°fico,78,2
Marcador,2024-12-18 19:29:32,2024-12-14,Gr√°fico,549,1
rot=,2024-12-18 21:30:04,2024-12-18,,36,1
savefig(),2024-12-14 22:26:31,2024-12-14,Gr√°fico,9,0
x= e y=,2024-12-17 22:47:21,2024-12-14,Gr√°fico,51,0
array.shape,2024-08-19 20:08:18,2024-08-19,,43,0
",array_equal",2024-12-21 20:57:04,2024-12-21,"Comando
data",68,0
Comandos,2024-08-21 22:08:19,2024-08-19,Programa√ß√£o,236,0
01,2024-12-09 00:25:52,2024-12-08,,406,0
Agrupamento,2024-11-24 19:36:54,2024-11-24,Conceito,11,1
DataFrame X Series,2024-12-10 20:50:36,2024-12-10,"Conceito
data",34,1
DataFrame,2024-11-20 18:02:36,2024-08-21,Projetos,287,0
Duplicatas,2024-11-24 16:38:21,2024-11-24,,83,9
Filtragem condicional,2024-11-22 22:34:54,2024-11-22,,61,1
Indexa√ß√£o Booleana,2024-11-22 22:34:06,2024-11-18,Pandas,102,2
M√°scara booleana,2024-11-22 23:43:54,2024-11-22,"Conceito
data",264,16
NaN,2024-12-21 19:34:06,2024-12-21,,19,0
Ordenar,2024-11-24 19:39:43,2024-11-24,Conceito,48,1
Pr√©-processamento de dados,2024-11-24 16:34:46,2024-11-20,"Conceito
data",76,3
Split Apply Combine,2024-12-28 19:53:45,2024-12-28,"Conceito
data",19,1
types,2024-11-14 22:24:11,2024-11-14,"Comando
data",95,4
Valores ausentes,2024-12-06 17:06:19,2024-11-20,Conceito,69,3
Window functions,2024-12-26 21:17:01,,,0,0
",agg",2024-12-28 20:37:09,2024-12-28,"Conceito
data",94,1
",apply",2024-12-28 16:07:52,2024-12-27,"Comando
data",140,3
",astype",2024-12-22 00:10:04,2024-12-21,"Comando
data",70,0
",columns",2024-12-28 22:59:59,2024-12-28,"Comando
data",51,0
",concat",2024-12-28 23:23:37,2024-12-28,,80,1
",corr",2024-12-18 20:05:39,2024-12-18,"Comando
data",69,0
",describe",2024-12-05 19:16:43,2024-12-05,,80,2
",drop",2024-12-29 19:47:45,2024-12-29,,117,0
",dropna",2024-11-22 00:49:17,2024-11-21,"Comando
data",85,5
",drop_duplicates",2024-11-25 17:24:09,2024-11-24,Comando,52,1
",dt",2024-12-27 18:37:26,2024-12-27,"Comando
data",113,1
",dtypes",2024-12-22 00:09:57,2024-12-21,"Comando
data",50,0
",duplicated",2024-12-06 17:09:20,2024-11-22,"Comando
data",45,0
",fillna",2024-12-14 20:08:53,2024-11-20,"Comando
data",32,1
",groupby",2024-11-24 17:11:40,2024-11-24,Comando,63,3
",head",2024-11-22 20:07:01,2024-11-22,"Comando
data",15,1
",iloc",2024-12-13 20:23:39,2024-12-13,"Comando
data",184,0
",index",2024-12-22 00:02:34,2024-12-12,"Comando
data",73,0
",info",2024-11-21 23:41:46,2024-11-14,Comando,88,3
",isin",2024-12-13 23:13:58,2024-12-13,,66,0
",isna ou isnull",2024-11-21 23:41:46,2024-11-20,"Comando
data",79,1
",loc",2024-11-18 00:24:05,2024-11-14,"Comando
data",273,3
",merge",2024-12-29 00:16:58,2024-12-28,"Comando
data",86,0
",nan",2024-12-27 21:09:19,,,0,0
",nunique",2024-11-23 00:23:30,2024-11-23,"Comando
data",41,1
",pivot_table",2024-12-28 20:46:23,2024-12-28,"Conceito
data",141,0
",query",2024-12-13 23:19:36,2024-12-13,,55,0
",read_csv",2024-12-05 23:04:53,2024-11-29,"Comando
data",117,3
",read_excel",2024-11-29 20:54:40,2024-11-29,"Comando
data",36,1
",rename",2024-11-25 16:06:21,2024-11-25,"Comando
data",68,1
",reset_index",2024-11-24 16:44:48,2024-11-24,Comando,65,0
",sample",2024-11-30 00:48:46,2024-11-30,"Comando
data",33,1
",Series",2024-12-12 23:55:40,2024-12-12,"Comando
data",30,0
",set_index",2024-12-13 21:19:14,2024-12-13,"Comando
data",6,0
",shape",2024-11-14 23:56:09,2024-11-14,Comando,14,0
",sort_index",2024-12-05 19:56:37,2024-12-05,"Comando
data",47,0
",sort_values",2024-11-24 17:59:21,2024-11-24,"Conceito
data",75,1
",tail",2024-11-29 21:53:03,2024-11-29,,26,0
",to_datetime",2024-12-27 16:46:02,2024-12-26,"Comando
data",270,0
",to_numeric",2024-12-22 00:10:00,2024-12-21,"Comando
data",67,0
",tz_convert() e ,tz_localize()",2024-12-27 18:07:21,2024-12-27,"Comando
data",212,0
",unique",2024-12-13 23:09:24,2024-11-23,"Comando
data",32,2
",value_count or nunique or duplicates",2024-12-14 20:42:15,,,0,1
",value_counts",2024-12-22 00:09:53,2024-12-22,"Comando
data",40,0
",where",2024-12-14 18:30:06,2024-12-14,,65,0
axis=,2024-11-22 00:48:26,2024-11-22,,383,18
Comandos,2024-11-20 18:04:05,2024-08-21,Programa√ß√£o,1186,12
filtragem simples,2024-12-14 20:22:27,2024-12-14,,34,0
index=,2024-12-13 00:05:52,2024-12-13,"Comando
data",74,0
inplace=,2024-11-22 00:38:47,2024-11-21,"Comando
data",299,25
Normalizar nomes de colunas,2024-11-20 20:16:35,2024-11-20,"Comando
data",35,1
Sem t√≠tulo,2024-12-27 21:10:33,,,0,0
subset=,2024-11-22 00:55:42,2024-11-22,,87,4
~,2024-12-05 20:32:21,2024-12-05,,24,0
An√°lise de dados,2024-09-12 00:14:43,2024-09-04,,93,7
An√°lise descritiva ou explorat√≥ria,2024-09-12 00:15:37,2024-09-04,,92,2
An√°lise diagn√≥stica,2024-09-12 00:15:48,2024-09-04,,31,2
An√°lise Estat√≠stica,2024-09-04 21:48:45,2024-08-25,"DataAnalyst
data",45,5
An√°lise Explanat√≥ria,2024-11-29 19:41:47,2024-09-05,,55,5
An√°lise preditiva,2024-10-28 23:50:41,2024-09-04,,119,7
An√°lise prescritiva,2024-09-12 00:14:48,2024-09-04,,28,2
Aprendizado de m√°quina,2024-08-25 20:56:05,2024-08-25,"DataAnalyst
data",35,1
Coleta de dados,2024-08-25 19:37:40,2024-08-25,"DataAnalyst
data",30,1
Conceitos-chave de dados,2024-10-28 23:50:41,2024-08-25,"DataAnalyst
data",22,6
Estat√≠stica Descritiva,2024-09-03 23:31:31,2024-09-03,"DataAnalyst
data",78,11
Excel,2024-09-05 21:21:51,2024-08-25,"DataAnalyst
data",59,3
Explora√ß√£o,2024-08-25 19:39:33,2024-08-25,,40,5
Indrodu√ß√£o,2024-09-12 00:24:02,2024-08-25,,77,10
Insights,2024-09-12 00:14:45,2024-09-04,,44,5
Limpeza de dados,2024-08-25 19:38:33,2024-08-25,"DataAnalyst
data",33,1
Mediana,2024-09-12 00:19:18,2024-09-03,,11,2
Medidas de Tend√™ncia Central,2024-09-12 00:17:26,2024-09-03,,55,6
Medidas,2024-09-12 00:21:40,2024-09-03,,17,3
Moda,2024-09-12 00:16:32,2024-09-03,,175,7
M√©dia,2024-09-12 00:18:31,2024-09-03,,34,10
Padr√µes & Tend√™ncias & Rela√ß√µes,2024-09-12 00:21:55,2024-09-04,,55,3
Sem t√≠tulo,2024-08-28 23:01:55,,,240,0
Tipos de vari√°veis,2024-09-03 22:21:55,2024-09-03,"DataAnalyst
data",38,2
Vari√°veis discretas,2024-09-12 00:19:40,2024-09-03,,22,0
Vari√°veis ‚Äã‚ÄãCont√≠nuas,2024-09-12 00:24:09,2024-09-03,,19,0
Vari√°veis ‚Äã‚ÄãNominais,2024-09-03 22:23:21,2024-09-03,,19,1
Vari√°veis ‚Äã‚ÄãOrdinais,2024-09-03 22:23:37,2024-09-03,,24,1
Vari√°veis ‚Äã‚ÄãQualitativas (ou Categ√≥ricas),2024-09-03 22:21:47,2024-09-03,,10,2
Vari√°veis ‚Äã‚ÄãQuantitativas,2024-09-12 00:19:34,2024-09-03,,11,2
Visualiza√ß√£o de dados,2024-08-25 19:53:00,2024-08-25,"DataAnalyst
data",42,6
Comandos,2024-08-22 20:29:47,2024-08-22,"Programa√ß√£o
data",538,4
'backticks',2024-10-09 23:56:50,2024-10-09,DataAnalyst,56,0
Campos,2024-09-16 00:40:14,2024-09-16,"DataAnalyst
data",25,1
Dados caracteres e strings,2024-09-13 20:35:08,2024-09-12,"DataAnalyst
data",20,1
Dados Diversos,2024-09-12 00:19:26,2024-09-11,,46,7
Dados sequ√™ncia de Unicode,2024-09-23 21:08:58,2024-09-11,,71,10
"Diferen√ßas DML,DDL e DCL",2024-09-12 17:56:04,2024-09-11,"DataAnalyst
data",43,3
Different Types,2024-09-21 21:25:42,2024-09-21,"DataAnalyst
data",25,0
Erro code 1175,2024-09-16 14:26:31,2024-09-15,Erro,87,5
Geral,2024-09-12 00:22:02,2024-09-11,,33,6
Linguagem de Controle de Dados (DCL),2024-09-12 00:23:42,2024-09-11,,47,4
Linguagem de Defini√ß√£o de Dados (DDL),2024-09-12 00:16:24,2024-09-11,,65,7
Linguagem de Manipula√ß√£o de Dados (DML),2024-09-16 21:18:04,2024-09-11,,72,8
Otimizar as consultas SQL,2024-09-26 23:09:10,2024-09-26,"DataAnalyst
data",517,11
Projetos,2024-08-31 01:14:26,2024-08-19,Programa√ß√£o,474,1
Qualificador de escopo,2024-10-10 00:04:13,2024-10-09,DataAnalyst,212,1
Queries,2024-09-12 00:21:47,2024-09-11,,36,3
RDBMS,2024-09-12 00:14:09,2024-09-11,,561,14
SCHEMA,2024-10-09 23:49:15,2024-10-09,DataAnalyst,319,4
Sintaxe SQL,2024-09-16 21:07:39,2024-09-11,,66,11
SQL vx NoSQL,2024-09-26 23:42:23,2024-09-11,,295,10
SQL,2024-09-12 00:14:15,2024-09-11,,47,6
SSMS,2024-09-28 20:42:46,2024-09-28,"DataAnalyst
data",70,2
Subquereies Aninhadas,2024-09-21 21:26:08,2024-09-21,"DataAnalyst
data",37,0
Subquereies Correlacionadas,2024-09-21 21:25:12,2024-09-21,DataAnalyst,39,0
Subqueries,2024-09-21 21:25:51,2024-09-21,DataAnalyst,38,3
Tipos de dados SQL,2024-09-12 00:21:32,2024-09-11,,48,8
Unicode,2024-09-12 00:15:04,2024-09-11,,42,1
√Årvore balanceada,2024-09-26 20:59:11,2024-09-26,DataAnalyst,96,1
Coisas para juntar,2024-10-23 22:36:39,,,16,10
ABS,2024-10-23 01:06:45,2024-09-23,Comando,61,1
ADD,2024-09-15 23:34:25,2024-09-15,Comando,51,1
ALTER,2024-09-13 20:44:35,2024-09-13,DataAnalyst,20,0
AND,2024-09-17 19:04:11,2024-09-17,DataAnalyst,32,0
AS,2024-09-19 20:17:36,2024-09-16,DataAnalyst,148,1
ASC,2024-09-16 21:20:02,2024-09-16,DataAnalyst,24,0
asterisco,2024-09-13 20:50:45,2024-09-13,Comando,13,0
BETWEEN,2024-09-19 19:50:49,2024-09-16,DataAnalyst,88,1
CASE,2024-10-23 00:33:54,2024-09-23,Comando,156,2
CEILING,2024-09-23 21:17:08,2024-09-23,Comando,62,0
CHECK,2024-09-20 23:08:25,2024-09-20,DataAnalyst,46,3
COALESCE,2024-09-25 14:24:11,2024-09-24,Comando,98,0
CONCAT,2024-10-12 20:54:55,2024-09-21,DataAnalyst,82,0
Consultas Agregadas,2024-09-20 23:10:42,,,0,0
COUNT(),2024-09-18 21:00:02,2024-09-18,DataAnalyst,21,0
COUNT,2024-09-16 01:25:55,2024-09-16,DataAnalyst,70,1
CREATE INDEX,2024-09-21 00:35:49,2024-09-21,DataAnalyst,115,0
CREATE TEMPORARY TABLE,2024-10-03 00:33:20,2024-09-26,Comando,148,0
CREATE VIEW,2024-09-28 21:42:21,2024-09-24,Comando,108,1
CREATE,2024-09-21 20:37:39,2024-09-12,DataAnalyst,24,2
CROSS JOIN,2024-09-21 20:13:39,2024-09-21,Comando,86,0
CRUD,2024-09-16 21:18:04,2024-09-13,DataAnalyst,42,4
DATE,2024-09-24 19:38:28,2024-09-15,Comando,154,1
DATEADD,2024-09-23 21:13:37,2024-09-23,DataAnalyst,96,0
DATEPART,2024-09-23 21:11:24,2024-09-23,Comando,80,0
DEFAULT,2024-09-21 00:03:30,2024-09-21,DataAnalyst,46,0
DELETE ou DROP VIEW,2024-09-25 21:26:12,2024-09-25,Comando,66,2
DELETE,2024-10-20 00:56:29,2024-09-15,Comando,20,1
DESC,2024-09-16 21:20:21,2024-09-16,DataAnalyst,12,0
DISTINCT,2024-10-10 23:59:36,2024-04-28,DataAnalyst,71,1
DOD,2024-10-02 15:30:26,2024-10-02,DataAnalyst,59,0
DROP VIEW,2024-09-25 21:21:55,2024-09-25,Comando,83,0
DROP,2024-09-13 20:42:37,2024-09-12,DataAnalyst,21,1
FLOOR,2024-09-23 22:29:47,2024-09-23,Comando,61,1
FOREIGN KEY,2024-10-12 23:34:26,2024-09-16,Comando,131,2
FULL (OUTER) JOIN,2024-09-20 19:10:59,2024-09-19,Comando,147,0
Fun√ß√µes avan√ßadas,2024-10-15 21:07:58,2024-09-21,Comando,320,22
Fun√ß√µes de agrega√ß√£o SQL,2024-09-18 20:29:24,2024-09-18,DataAnalyst,133,8
GROUP BY,2024-10-14 23:42:10,2024-09-18,DataAnalyst,142,6
HAVING,2024-10-14 23:37:25,2024-09-20,DataAnalyst,205,5
IN,2024-09-16 21:03:51,2024-09-16,DataAnalyst,30,0
INSERT INTO,2024-09-17 20:09:18,2024-09-17,DataAnalyst,74,0
INTO,2024-09-16 21:18:04,2024-09-15,DataAnalyst,20,1
IS NULL,2024-09-18 00:00:20,2024-09-17,DataAnalyst,28,1
JOIN,2024-09-21 20:26:33,2024-09-19,Comando,219,6
LEFT (OUTER) JOIN,2024-09-19 23:23:19,2024-09-19,Comando,154,0
LENGTH,2024-09-23 20:26:07,2024-09-23,Comando,52,0
LIKE,2024-09-18 22:31:35,2024-09-16,DataAnalyst,41,1
LIMIT,2024-09-18 20:20:30,2024-09-18,DataAnalyst,51,1
LOWER,2024-09-23 20:30:21,2024-09-23,Comando,48,0
MAX(),2024-10-19 01:35:24,,,0,0
MOD,2024-09-23 22:38:01,2024-09-23,Comando,58,0
Nomal x temporary x view x Select,2024-10-09 01:37:21,2024-10-05,DataAnalyst,477,7
NOT NULL,2024-09-20 23:06:15,2024-09-20,DataAnalyst,39,2
NOT,2024-09-19 19:44:35,2024-09-19,DataAnalyst,50,0
NULLIF,2024-09-24 19:06:09,2024-09-23,Comando,62,0
Operadores do LIKE,2024-09-19 19:41:35,2024-09-18,DataAnalyst,92,0
Operadores no SQL,2024-09-19 19:51:17,2024-09-13,DataAnalyst,65,7
OR,2024-09-17 19:11:25,2024-09-17,DataAnalyst,66,0
ORDER BY,2024-09-16 21:28:55,2024-09-16,DataAnalyst,89,2
Par√™nteses,2024-09-17 19:55:27,2024-09-17,DataAnalyst,95,1
Prefixos SQL,2024-09-19 20:33:54,,,0,0
PRIMARY KEY,2024-09-15 21:38:10,2024-09-15,DataAnalyst,61,0
REFERENCES,2024-09-16 00:16:42,2024-09-16,Comando,35,1
REPLACE VIEW,2024-09-25 21:19:07,2024-09-25,Comando,133,0
REPLACE,2024-09-23 20:28:53,2024-09-23,Comando,55,0
Restri√ß√µes SQL,2024-09-20 23:57:06,2024-09-20,DataAnalyst,164,7
RIGHT (OUTER) JOIN,2024-09-19 23:23:40,2024-09-19,Comando,138,0
ROUND,2024-10-11 00:30:05,2024-09-23,Comando,60,0
SELECT TOP,2024-09-18 00:08:13,2024-09-18,DataAnalyst,93,0
SELECT,2024-09-20 23:00:24,2024-09-18,DataAnalyst,17,4
SELF JOIN,2024-09-20 19:27:48,2024-09-20,DataAnalyst,125,0
Sem t√≠tulo,2024-09-15 23:32:15,,,0,0
SET,2024-09-15 20:56:03,2024-09-13,Comando,50,2
SUBSTRING,2024-09-23 20:21:51,2024-09-23,DataAnalyst,65,0
TIME,2024-09-23 21:04:29,2024-09-23,Comando,78,0
TIMESTAMP,2024-09-23 21:07:45,2024-09-23,Comando,62,0
UNION,2024-10-16 23:59:16,2024-09-20,Comando,157,1
UNIQUE,2024-09-21 00:01:48,2024-09-20,DataAnalyst,89,0
UPDATE,2024-09-15 21:25:51,2024-09-15,DataAnalyst,27,1
UPPER,2024-10-11 00:29:43,2024-09-23,Comando,46,0
USE,2024-09-15 20:52:44,2024-09-15,Comando,18,1
VARCHAR,2024-09-16 00:05:19,2024-09-16,DataAnalyst,39,2
VIEW,2024-09-25 21:10:25,2024-09-24,Comando,72,9
WHERE,2024-09-16 21:02:53,2024-09-13,DataAnalyst,30,4
√çNDICES,2024-09-26 21:12:17,2024-09-26,,46,5
Planejamento,2024-10-02 23:58:42,2024-09-28,"DataAnalyst
data",697,6
Career Content,2024-11-28 17:11:32,2024-11-24,,91,0
Perguntas,2024-12-29 22:58:13,,,492,1
progeto 3,2024-12-15 16:29:00,,,4414,0
Sem t√≠tulo,2024-12-12 19:32:33,,,127,18
T√©cnicas de estudo,2024-12-07 00:23:04,2024-12-03,,895,14
Introdu√ß√£o √° EDA e DATAVIZ,2024-12-03 20:18:58,2024-12-03,,22,2
Networking Como Criar uma Rede de Contatos Profissionais,2024-09-18 23:32:45,2024-04-28,"Networking
data",259,1
0 Quero ler,2024-12-20 23:25:02,2024-12-17,,130,0
4 tipos de an√°lise de dados para criar estrat√©gias certeiras,2024-11-21 21:22:08,2024-04-28,,94,0
43 conjuntos de dados gratuitos para construir um portf√≥lio irresist√≠vel,2024-11-21 22:56:03,2024-04-28,,351,0
Como criar seu portf√≥lio de Data Scientist e divulgar seus trabalhos,2024-11-20 21:36:19,2024-04-28,"Carreira
data",90,2
Data - career transition,2024-11-17 23:57:46,2024-04-28,"DataAnalyst
data",127,0
Data sience para Neg√≥cios,2024-10-28 23:04:24,2024-09-30,DataAnalyst,2608,150
Eletr√¥nica B√°sica,2024-07-10 14:02:38,2024-04-24,"Eletr√¥nica
data",209,11
Livros para eletr√¥nica,2024-04-19 23:32:15,2024-04-19,"Eletr√¥nica
data",129,12
O mundo assombrado pelos demonio,2024-10-28 16:33:12,,,61,0
O poder do h√°bito,2024-10-28 16:23:02,,,326,17
O teste da m√£e,2024-12-10 01:26:33,,,381,10
Rapido e Devagar 2 formas de pensar,2024-01-27 11:30:00,,,421,5
Storytelling com dados,2024-09-30 15:31:36,2024-09-04,,1650,62
Voice in,2024-08-05 21:43:05,2024-04-28,,30,0
+Dinheiro,2024-07-14 01:27:38,2024-07-14,,34,0
efeito florida,2023-11-27 11:27:02,,,89,0
efeito Lady Macbeth,2023-11-28 11:28:24,,,17,0
N√≠veis,2024-05-20 00:59:39,,,39,0
Aninha,2024-11-12 01:41:08,,,5,0
Esther,2023-10-10 13:00:52,,,71,0
Luck,2023-10-12 12:17:43,,,49,0
Naom√≠,2023-10-12 12:15:53,,,85,0
Ken,2024-09-19 01:14:01,2024-09-19,,53,0
TOP,2024-09-19 00:25:42,,,48,2
Chatpdf,2024-04-29 11:07:59,2024-04-28,"Ferramentas
data",24,0
Cor invertida,2024-04-29 00:42:10,2024-04-28,,17,0
Everycircuit,2024-04-29 00:02:24,2024-04-28,,30,2
Ferramentas para design de circuitos eletr√¥nicos,2024-04-29 00:34:48,2024-04-28,"Eletr√¥nica
data",57,0
intervals.icu,2024-04-29 00:21:33,2024-04-28,,23,1
Paperzonevn,2024-04-29 00:57:07,2024-04-28,,18,0
perplexity,2024-08-05 21:37:01,2024-04-28,,15,0
Playgraund,2024-08-05 02:04:11,2024-04-28,,15,0
Scispace,2024-05-02 10:54:56,2024-04-28,Aprendizado,19,0
Sites para pesquisar artigos,2024-04-28 23:47:44,2024-04-28,,12,2
Status invest,2024-04-29 00:15:46,2024-04-28,,19,0
Suno.io,2024-04-29 00:03:56,2024-04-28,,23,0
tempo.com,2024-04-29 00:36:29,2024-04-28,,54,2
Video highlight,2024-04-29 11:06:23,2024-04-28,"Ferramentas
data",16,0
D Cientista de Dados financeiro,2024-09-29 00:01:27,2024-09-28,DataAnalyst,205,0
87 DICAS OBSIDIAN Do Iniciante ao Avan√ßado  Tutorial Obsidian,2024-04-29 11:00:02,2024-04-28,Aprendizado,976,0
A arte e a ci√™ncia de MEMORIZAR qualquer coisa,2024-08-17 19:27:21,2024-04-28,Aprendizado,46,2
A F√≠sica da Neuroci√™ncias,2024-06-08 19:17:01,2024-04-28,F√≠sica,270,4
A MELHOR FORMA DE CHEGAR EM QUEM VOC√ä T√Å A FIM Marcos Lacerda psic√≥logo,2024-05-23 02:02:30,2024-04-28,,72,0
Adeus verbo to be,2024-12-03 23:41:17,2024-04-28,"Ingl√™s
data",376,7
Anota√ß√µes escritas ou digitadas,2024-11-15 16:55:34,2024-04-28,"Aprendizado
data",135,0
APRENDA INGL√äS SOZINHO e de GRAcA,2024-11-15 17:03:33,2024-04-28,,519,0
APRENDA INGL√äS SOZINHO e de GRA√áA,2024-08-21 00:24:53,2024-04-28,"Aprendizado
data",367,0
Como e quais componentes guardar de sucata,2024-05-05 00:33:05,2024-04-28,"Eletr√¥nica
data",64,10
COMO ESTUDAR POR PDF USANDO INTELIG√äNCIA ARTIFICIAL - UPDF,2024-05-04 00:45:36,2024-04-26,"Aprendizado
data",66,3
Como ganhar DINHEIRO ONLINE (fazendo freelance),2024-07-26 12:18:23,2024-04-28,,356,0
"Como Magnetizar e Desmagnetizar ferramentas de forma CORRETA, com um pequeno dispositivo!üß≤",2024-04-27 00:26:51,2024-04-27,,49,2
Curso de Minera√ß√£o de Senten√ßas,2024-11-28 21:44:05,2024-04-28,,61,2
Engenharia de prompt,2024-05-07 19:35:25,2024-05-07,,98,0
Equipamentos & Ferramentas - Software para Controle de Componentes Eletr√¥nicos ‚Äúcom algo a mais‚Äù,2024-05-05 23:57:52,2024-04-28,,63,1
Evid√™ncia suprimida (Cherry picking),2024-05-03 11:27:29,2024-04-28,,39,0
Fazemos algo surreal ao falar portugu√™s!,2024-04-28 22:53:19,2024-04-28,,43,3
From Paper to Bionics Origami's Incredible Impact on Science  FD Engineering,2024-04-30 12:53:51,2024-04-28,,1445,0
Github com Alexandre,2024-12-10 21:27:58,2024-04-28,"Programa√ß√£o
data",35,0
M√©todo SQ3R,2024-08-18 00:45:19,2024-04-28,,132,0
Por que comemos sempre a mesma coisa,2024-03-06 00:51:09,,,119,0
Por que pessoas BURRAS se acham INTELIGENTES,2024-04-09 01:01:06,2024-04-08,"Aprendizado
data",38,2
Qual √© a VELOCIDADE da ELETRICIDADE,2024-04-24 00:22:15,2024-04-24,,76,4
Trans√≠stor Explicado - Como funcionam os trans√≠stores,2024-09-12 20:53:29,2024-04-28,"Eletr√¥nica
data",252,13
Zettelkasten,2024-04-07 23:09:29,,,104,0
Concertei exten√ß√£o,2024-04-24 17:30:13,2024-04-24,"Eletr√¥nica
data",20,1
Concertei minha lanterna,2024-04-24 18:52:52,2024-04-24,"Eletr√¥nica
data",26,3
Concertei teclado,2024-05-01 16:33:37,2024-05-01,"Eletr√¥nica
data",44,2
Fiz fios jacar√©s,2024-04-24 19:00:35,2024-04-24,"Eletr√¥nica
data",21,2
Melhorei os estiletes.,2024-04-24 17:31:08,2024-04-24,,16,1
Pasta para soldar,2024-04-24 17:30:56,2024-04-24,"Eletr√¥nica
data",14,2
Pegador de acerolas,2024-04-24 19:01:21,2024-04-24,,10,1
Planos para Lumin√°ria,2024-05-07 21:04:12,2024-05-04,Eletr√¥nica,114,8
Avalia qual ou quais compreess√µes,2024-08-23 21:22:49,,,0,0
Avaliador de livros,2024-09-03 01:39:36,2024-08-29,,167,1
A√ß√µes,2024-07-17 01:19:15,2024-07-17,,41,0
Corretor de reda√ß√µes e plotador de erros,2024-11-10 17:38:02,2024-11-10,DataAnalyst,14,1
Criador de palavras que faltam,2024-08-29 17:47:21,2024-08-29,,58,1
Detector de circuitos,2024-05-30 00:56:59,2024-05-30,,49,0
Excel para controle de estoque,2024-05-05 23:59:47,2024-05-05,"Ferramentas
data",35,0
Gerador de diagrama crochet,2024-09-04 01:14:00,2024-09-04,,46,0
Gr√°ficos para csv,2024-08-19 18:47:13,2024-08-19,,16,0
Hipoteses,2024-11-24 23:08:42,2024-11-24,"ideias
data",14,0
Livro = astronauta na terra,2024-07-29 00:51:59,2024-07-29,,93,0
Livro = Beleza,2024-07-29 01:58:18,2024-07-29,,169,0
Medidor de peso com a varia√ß√£o da capacitancia.,2024-05-12 00:48:54,2024-05-12,"Eletr√¥nica
data",68,0
Multpesquisador,2024-08-10 10:55:38,,,61,0
Ordenador de word,2024-08-30 01:59:15,2024-08-30,,47,0
Ponteira heat pipe,2024-04-24 23:15:55,2024-04-24,Eletr√¥nica,38,1
Previs√£o de demanda para cadeias de suprimentos,2024-08-19 19:26:59,2024-08-19,Programa√ß√£o,17,0
Transformar celular em um arduino.,2024-05-12 00:46:19,2024-05-12,"Eletr√¥nica
data",38,0
Trayler,2024-06-15 01:31:53,2024-06-09,C,122,0
Emo√ß√£o,2024-11-26 16:55:26,2024-11-26,"Psicologia
data",52,0
RPD,2024-11-26 16:57:16,2024-11-26,"Psicologia
data",90,2
Estudo,2024-09-20 19:25:10,,,3,0
Nota diaria,2023-09-27 20:21:44,,,2,0
Pessoas,2023-09-27 21:19:11,,,48,0
pret,2024-09-19 00:29:40,,,30,0
Sites,2024-04-28 23:20:18,2024-04-28,,7,0
V√≠deo,2024-04-28 23:19:33,2024-04-28,,8,0
Drawing 2024-09-04 00.54.48.excalidraw,2024-09-04 20:58:49,,,1669,0
